Feature,SHAP value,Feature value,Feature Group,Sample ID,Feature Order
Vegetation index,-3.1830944,1.0000000,Surface cover,DEMO001,1
Vegetation index,-2.7768195,1.0000000,Surface cover,DEMO002,
Vegetation index,-2.8302483,0.9571930,Surface cover,DEMO003,
Vegetation index,-2.4447150,0.8501943,Surface cover,DEMO004,
Vegetation index,-2.0490963,0.7670445,Surface cover,DEMO005,
Vegetation index,-2.2103922,0.7429793,Surface cover,DEMO006,
Vegetation index,-2.2689179,0.7800792,Surface cover,DEMO007,
Vegetation index,-1.8445009,0.8445481,Surface cover,DEMO008,
Vegetation index,-1.7053059,0.8870106,Surface cover,DEMO009,
Vegetation index,-1.9806077,0.8727839,Surface cover,DEMO010,
Vegetation index,-1.8564189,0.8031722,Surface cover,DEMO011,
Vegetation index,-1.4581824,0.7144924,Surface cover,DEMO012,
Vegetation index,-1.5576631,0.6554054,Surface cover,DEMO013,
Vegetation index,-1.7828787,0.6566118,Surface cover,DEMO014,
Vegetation index,-1.4785849,0.7117220,Surface cover,DEMO015,
Vegetation index,-1.2233965,0.7811735,Surface cover,DEMO016,
Vegetation index,-1.4881970,0.8167588,Surface cover,DEMO017,
Vegetation index,-1.5443340,0.7915300,Surface cover,DEMO018,
Vegetation index,-1.1513420,0.7165065,Surface cover,DEMO019,
Vegetation index,-1.1136039,0.6338094,Surface cover,DEMO020,
Vegetation index,-1.4161096,0.5904855,Surface cover,DEMO021,
Vegetation index,-1.2588637,0.6092744,Surface cover,DEMO022,
Vegetation index,-0.9102049,0.6744741,Surface cover,DEMO023,
Vegetation index,-1.0847691,0.7416793,Surface cover,DEMO024,
Vegetation index,-1.2873878,0.7653467,Surface cover,DEMO025,
Vegetation index,-0.9602097,0.7270689,Surface cover,DEMO026,
Vegetation index,-0.7750869,0.6469967,Surface cover,DEMO027,
Vegetation index,-1.0766803,0.5713182,Surface cover,DEMO028,
Vegetation index,-1.0837055,0.5435695,Surface cover,DEMO029,
Vegetation index,-0.6990816,0.5775929,Surface cover,DEMO030,
Vegetation index,-0.7347495,0.6489350,Surface cover,DEMO031,
Vegetation index,-1.0302401,0.7100281,Surface cover,DEMO032,
Vegetation index,-0.8243887,0.7197253,Surface cover,DEMO033,
Vegetation index,-0.5189081,0.6688486,Surface cover,DEMO034,
Vegetation index,-0.7475081,0.5858854,Surface cover,DEMO035,
Vegetation index,-0.9074695,0.5192938,Surface cover,DEMO036,
Vegetation index,-0.5561096,0.5074071,Surface cover,DEMO037,
Vegetation index,-0.4364379,0.5546259,Surface cover,DEMO038,
Vegetation index,-0.7554920,0.6286823,Surface cover,DEMO039,
Vegetation index,-0.7045589,0.6806763,Surface cover,DEMO040,
Vegetation index,-0.3329592,0.6754401,Surface cover,DEMO041,
Vegetation index,-0.4337159,0.6133755,Surface cover,DEMO042,
Vegetation index,-0.7060204,0.5302021,Surface cover,DEMO043,
Vegetation index,-0.4521787,0.4747736,Surface cover,DEMO044,
Vegetation index,-0.1941692,0.4787373,Surface cover,DEMO045,
Vegetation index,-0.4641436,0.5368797,Surface cover,DEMO046,
Vegetation index,-0.5713575,0.6103620,Surface cover,DEMO047,
Vegetation index,-0.2026316,0.6508379,Surface cover,DEMO048,
Vegetation index,-0.1479717,0.6304749,Surface cover,DEMO049,
Vegetation index,-0.4700398,0.5592372,Surface cover,DEMO050,
Vegetation index,-0.3589285,0.4786964,Surface cover,DEMO051,
Vegetation index,-0.0087358,0.4362139,Surface cover,DEMO052,
Vegetation index,-0.1677960,0.4555282,Surface cover,DEMO053,
Vegetation index,-0.4047108,0.5220118,Surface cover,DEMO054,
Vegetation index,-0.1078968,0.5917537,Surface cover,DEMO055,
Vegetation index,0.0973657,0.6188270,Surface cover,DEMO056,
Vegetation index,-0.2022241,0.5838086,Surface cover,DEMO057,
Vegetation index,-0.2503150,0.5058397,Surface cover,DEMO058,
Vegetation index,0.1266098,0.4307377,Surface cover,DEMO059,
Vegetation index,0.1172106,0.4025428,Surface cover,DEMO060,
Vegetation index,-0.1947555,0.4361672,Surface cover,DEMO061,
Vegetation index,-0.0244781,0.5081339,Surface cover,DEMO062,
Vegetation index,0.2954777,0.5711545,Surface cover,DEMO063,
Vegetation index,0.0857730,0.5834944,Surface cover,DEMO064,
Vegetation index,-0.1056059,0.5348892,Surface cover,DEMO065,
Vegetation index,0.2269606,0.4529175,Surface cover,DEMO066,
Vegetation index,0.3752002,0.3858734,Surface cover,DEMO067,
Vegetation index,0.0580890,0.3727746,Surface cover,DEMO068,
Vegetation index,0.0730306,0.4191310,Surface cover,DEMO069,
Vegetation index,0.4482500,0.4935219,Surface cover,DEMO070,
Vegetation index,0.3774244,0.5471070,Surface cover,DEMO071,
Vegetation index,0.0880152,0.5439552,Surface cover,DEMO072,
Vegetation index,0.3142570,0.4833564,Surface cover,DEMO073,
Vegetation index,0.5959216,0.4002614,Surface cover,DEMO074,
Vegetation index,0.3447298,0.3435757,Surface cover,DEMO075,
Vegetation index,0.2074670,0.3457876,Surface cover,DEMO076,
Vegetation index,0.5673762,0.4027914,Surface cover,DEMO077,
Vegetation index,0.6561976,0.4764355,Surface cover,DEMO078,
Vegetation index,0.3343154,0.5182127,Surface cover,DEMO079,
Vegetation index,0.4142983,0.4993820,Surface cover,DEMO080,
Vegetation index,0.7781698,0.4288147,Surface cover,DEMO081,
Vegetation index,0.6508135,0.3474832,Surface cover,DEMO082,
Vegetation index,0.3960168,0.3030155,Surface cover,DEMO083,
Vegetation index,0.6736041,0.3201153,Surface cover,DEMO084,
Vegetation index,0.9106373,0.3852187,Surface cover,DEMO085,
Vegetation index,0.6290092,0.4549153,Surface cover,DEMO086,
Vegetation index,0.5533121,0.4829029,Surface cover,DEMO087,
Vegetation index,0.9319794,0.4487389,Surface cover,DEMO088,
Vegetation index,0.9617231,0.3705319,Surface cover,DEMO089,
Vegetation index,0.6488831,0.2936929,Surface cover,DEMO090,
Vegetation index,0.7948238,0.2627311,Surface cover,DEMO091,
Vegetation index,1.1392155,0.2936099,Surface cover,DEMO092,
Vegetation index,0.9633379,0.3638287,Surface cover,DEMO093,
Vegetation index,0.7555138,0.4263917,Surface cover,DEMO094,
Vegetation index,1.0797580,0.4389865,Surface cover,DEMO095,
Vegetation index,1.2690565,0.3902548,Surface cover,DEMO096,
Vegetation index,0.9710330,0.3068394,Surface cover,DEMO097,
Vegetation index,0.9645978,0.2368313,Surface cover,DEMO098,
Vegetation index,1.3553538,0.2198975,Surface cover,DEMO099,
Vegetation index,1.3311231,0.2626377,Surface cover,DEMO100,
Vegetation index,1.0440599,0.3344759,Surface cover,DEMO101,
Vegetation index,1.2583784,0.3866359,Surface cover,DEMO102,
Vegetation index,1.5799406,0.3824178,Surface cover,DEMO103,
Vegetation index,1.3698711,0.3199722,Surface cover,DEMO104,
Vegetation index,1.2253068,0.2334304,Surface cover,DEMO105,
Vegetation index,1.5963052,0.1716856,Surface cover,DEMO106,
Vegetation index,1.7436435,0.1680039,Surface cover,DEMO107,
Vegetation index,1.4523830,0.2193325,Surface cover,DEMO108,
Vegetation index,1.5307981,0.2881559,Surface cover,DEMO109,
Vegetation index,1.9386753,0.3257419,Surface cover,DEMO110,
Vegetation index,1.8819114,0.3023399,Surface cover,DEMO111,
Vegetation index,1.6543426,0.2255705,Surface cover,DEMO112,
Vegetation index,1.9593558,0.1355770,Surface cover,DEMO113,
Vegetation index,2.2834649,0.0799323,Surface cover,DEMO114,
Vegetation index,2.0909250,0.0838519,Surface cover,DEMO115,
Vegetation index,2.0724281,0.1341447,Surface cover,DEMO116,
Vegetation index,2.5567846,0.1867147,Surface cover,DEMO117,
Vegetation index,2.7713833,0.1925152,Surface cover,DEMO118,
Vegetation index,2.6834139,0.1241049,Surface cover,DEMO119,
Vegetation index,3.2715749,0.0000000,Surface cover,DEMO120,
Road distance,-1.4352586,0.0632783,Human engineering,DEMO001,2
Road distance,-1.3579594,0.0842744,Human engineering,DEMO002,
Road distance,-1.2579219,0.0465966,Human engineering,DEMO003,
Road distance,-1.0158274,0.0253238,Human engineering,DEMO004,
Road distance,-0.9821801,0.0575059,Human engineering,DEMO005,
Road distance,-1.0764971,0.1395581,Human engineering,DEMO006,
Road distance,-0.9506678,0.2333898,Human engineering,DEMO007,
Road distance,-0.7854284,0.2914882,Human engineering,DEMO008,
Road distance,-0.8661200,0.2871141,Human engineering,DEMO009,
Road distance,-0.9182091,0.2312972,Human engineering,DEMO010,
Road distance,-0.7412087,0.1662306,Human engineering,DEMO011,
Road distance,-0.6716931,0.1392330,Human engineering,DEMO012,
Road distance,-0.8023241,0.1734797,Human engineering,DEMO013,
Road distance,-0.7663135,0.2536958,Human engineering,DEMO014,
Road distance,-0.5866509,0.3357074,Human engineering,DEMO015,
Road distance,-0.6223268,0.3739239,Human engineering,DEMO016,
Road distance,-0.7361197,0.3496906,Human engineering,DEMO017,
Road distance,-0.6122127,0.2829058,Human engineering,DEMO018,
Road distance,-0.4876847,0.2196908,Human engineering,DEMO019,
Road distance,-0.6029510,0.2037711,Human engineering,DEMO020,
Road distance,-0.6445088,0.2493413,Human engineering,DEMO021,
Road distance,-0.4711748,0.3322666,Human engineering,DEMO022,
Road distance,-0.4410704,0.4050844,Human engineering,DEMO023,
Road distance,-0.5817051,0.4264907,Human engineering,DEMO024,
Road distance,-0.5261244,0.3870006,Human engineering,DEMO025,
Road distance,-0.3630694,0.3148476,Human engineering,DEMO026,
Road distance,-0.4312712,0.2584588,Human engineering,DEMO027,
Road distance,-0.5345123,0.2563887,Human engineering,DEMO028,
Road distance,-0.3962058,0.3133833,Human engineering,DEMO029,
Road distance,-0.3002028,0.3974387,Human engineering,DEMO030,
Road distance,-0.4330349,0.4596807,Human engineering,DEMO031,
Road distance,-0.4516575,0.4647211,Human engineering,DEMO032,
Road distance,-0.2782595,0.4126376,Human engineering,DEMO033,
Road distance,-0.2805138,0.3389302,Human engineering,DEMO034,
Road distance,-0.4196168,0.2924786,Human engineering,DEMO035,
Road distance,-0.3401624,0.3051918,Human engineering,DEMO036,
Road distance,-0.1936076,0.3721950,Human engineering,DEMO037,
Road distance,-0.2873057,0.4548603,Human engineering,DEMO038,
Road distance,-0.3723205,0.5047969,Human engineering,DEMO039,
Road distance,-0.2202003,0.4939050,Human engineering,DEMO040,
Road distance,-0.1522901,0.4318277,Human engineering,DEMO041,
Road distance,-0.2951309,0.3599652,Human engineering,DEMO042,
Road distance,-0.2872339,0.3257670,Human engineering,DEMO043,
Road distance,-0.1166522,0.3532675,Human engineering,DEMO044,
Road distance,-0.1486426,0.4281628,Human engineering,DEMO045,
Road distance,-0.2793233,0.5066948,Human engineering,DEMO046,
Road distance,-0.1763567,0.5428269,Human engineering,DEMO047,
Road distance,-0.0489796,0.5168347,Human engineering,DEMO048,
Road distance,-0.1631717,0.4475561,Human engineering,DEMO049,
Road distance,-0.2253478,0.3806947,Human engineering,DEMO050,
Road distance,-0.0625982,0.3604389,Human engineering,DEMO051,
Road distance,-0.0233169,0.4020223,Human engineering,DEMO052,
Road distance,-0.1699360,0.4822647,Human engineering,DEMO053,
Road distance,-0.1342527,0.5539686,Human engineering,DEMO054,
Road distance,0.0294348,0.5752302,Human engineering,DEMO055,
Road distance,-0.0298472,0.5354628,Human engineering,DEMO056,
Road distance,-0.1465063,0.4619727,Human engineering,DEMO057,
Road distance,-0.0220595,0.4030028,Human engineering,DEMO058,
Road distance,0.0832752,0.3977751,Human engineering,DEMO059,
Road distance,-0.0464670,0.4521344,Human engineering,DEMO060,
Road distance,-0.0825811,0.5349202,Human engineering,DEMO061,
Road distance,0.0866895,0.5973187,Human engineering,DEMO062,
Road distance,0.0972180,0.6031768,Human engineering,DEMO063,
Road distance,-0.0472884,0.5514553,Human engineering,DEMO064,
Road distance,0.0161341,0.4768747,Human engineering,DEMO065,
Road distance,0.1687079,0.4283552,Human engineering,DEMO066,
Road distance,0.0851420,0.4386381,Human engineering,DEMO067,
Road distance,-0.0126354,0.5039546,Human engineering,DEMO068,
Road distance,0.1303144,0.5863675,Human engineering,DEMO069,
Road distance,0.2112445,0.6373313,Human engineering,DEMO070,
Road distance,0.0712198,0.6278406,Human engineering,DEMO071,
Road distance,0.0633939,0.5664439,Human engineering,DEMO072,
Road distance,0.2347435,0.4939360,Human engineering,DEMO073,
Road distance,0.2172355,0.4580257,Human engineering,DEMO074,
Road distance,0.0805982,0.4837104,Human engineering,DEMO075,
Road distance,0.1707724,0.5577532,Human engineering,DEMO076,
Road distance,0.3083608,0.6369056,Human engineering,DEMO077,
Road distance,0.2043203,0.6747658,Human engineering,DEMO078,
Road distance,0.1297113,0.6505963,Human engineering,DEMO079,
Road distance,0.2876524,0.5822038,Human engineering,DEMO080,
Road distance,0.3427014,0.5148829,Human engineering,DEMO081,
Road distance,0.1981175,0.4932901,Human engineering,DEMO082,
Road distance,0.2200381,0.5337138,Human engineering,DEMO083,
Road distance,0.3891387,0.6139616,Human engineering,DEMO084,
Road distance,0.3454342,0.6871442,Human engineering,DEMO085,
Road distance,0.2224142,0.7107961,Human engineering,DEMO086,
Road distance,0.3377679,0.6732496,Human engineering,DEMO087,
Road distance,0.4573089,0.6008836,Human engineering,DEMO088,
Road distance,0.3376333,0.5417448,Human engineering,DEMO089,
Road distance,0.2901385,0.5357145,Human engineering,DEMO090,
Road distance,0.4595343,0.5897455,Human engineering,DEMO091,
Road distance,0.4885840,0.6735485,Human engineering,DEMO092,
Road distance,0.3458910,0.7384061,Human engineering,DEMO093,
Road distance,0.3986980,0.7474315,Human engineering,DEMO094,
Road distance,0.5620184,0.6984803,Human engineering,DEMO095,
Road distance,0.4956180,0.6254883,Human engineering,DEMO096,
Road distance,0.3924285,0.5774035,Human engineering,DEMO097,
Road distance,0.5315896,0.5877969,Human engineering,DEMO098,
Road distance,0.6317510,0.6540225,Human engineering,DEMO099,
Road distance,0.5030766,0.7388702,Human engineering,DEMO100,
Road distance,0.4872178,0.7936834,Human engineering,DEMO101,
Road distance,0.6658117,0.7885875,Human engineering,DEMO102,
Road distance,0.6714682,0.7310555,Human engineering,DEMO103,
Road distance,0.5392049,0.6612836,Human engineering,DEMO104,
Road distance,0.6255059,0.6272482,Human engineering,DEMO105,
Road distance,0.7825577,0.6549347,Human engineering,DEMO106,
Road distance,0.7010194,0.7322276,Human engineering,DEMO107,
Road distance,0.6271197,0.8164666,Human engineering,DEMO108,
Road distance,0.7925382,0.8609795,Human engineering,DEMO109,
Road distance,0.8780974,0.8441163,Human engineering,DEMO110,
Road distance,0.7539615,0.7827585,Human engineering,DEMO111,
Road distance,0.7813083,0.7219218,Human engineering,DEMO112,
Road distance,0.9765668,0.7069166,Human engineering,DEMO113,
Road distance,0.9748765,0.7553745,Human engineering,DEMO114,
Road distance,0.8776830,0.8465431,Human engineering,DEMO115,
Road distance,1.0210082,0.9345634,Human engineering,DEMO116,
Road distance,1.2023304,0.9776385,Human engineering,DEMO117,
Road distance,1.1599604,0.9654192,Human engineering,DEMO118,
Road distance,1.2025165,0.9293330,Human engineering,DEMO119,
Road distance,1.5825055,0.9434705,Human engineering,DEMO120,
Slope,-1.2802993,1.0000000,Geomorphology,DEMO001,3
Slope,-1.1864737,0.8863069,Geomorphology,DEMO002,
Slope,-0.9825348,0.8077933,Geomorphology,DEMO003,
Slope,-0.8443930,0.8032990,Geomorphology,DEMO004,
Slope,-0.9143426,0.8517757,Geomorphology,DEMO005,
Slope,-0.8964464,0.9067187,Geomorphology,DEMO006,
Slope,-0.7227051,0.9211441,Geomorphology,DEMO007,
Slope,-0.7020660,0.8753368,Geomorphology,DEMO008,
Slope,-0.7999559,0.7884032,Geomorphology,DEMO009,
Slope,-0.7155795,0.7060159,Geomorphology,DEMO010,
Slope,-0.5770308,0.6718071,Geomorphology,DEMO011,
Slope,-0.6432015,0.7001083,Geomorphology,DEMO012,
Slope,-0.7029750,0.7669349,Geomorphology,DEMO013,
Slope,-0.5636922,0.8247947,Geomorphology,DEMO014,
Slope,-0.4970110,0.8321162,Geomorphology,DEMO015,
Slope,-0.6090280,0.7790138,Geomorphology,DEMO016,
Slope,-0.5941004,0.6933864,Geomorphology,DEMO017,
Slope,-0.4427575,0.6235596,Geomorphology,DEMO018,
Slope,-0.4634109,0.6082482,Geomorphology,DEMO019,
Slope,-0.5675488,0.6524920,Geomorphology,DEMO020,
Slope,-0.4746572,0.7245070,Geomorphology,DEMO021,
Slope,-0.3620465,0.7754071,Geomorphology,DEMO022,
Slope,-0.4538890,0.7695491,Geomorphology,DEMO023,
Slope,-0.5016906,0.7066546,Geomorphology,DEMO024,
Slope,-0.3599739,0.6219729,Geomorphology,DEMO025,
Slope,-0.3232761,0.5643815,Geomorphology,DEMO026,
Slope,-0.4436145,0.5660250,Geomorphology,DEMO027,
Slope,-0.4098936,0.6223459,Geomorphology,DEMO028,
Slope,-0.2686752,0.6949083,Geomorphology,DEMO029,
Slope,-0.3162389,0.7352608,Geomorphology,DEMO030,
Slope,-0.4120359,0.7150198,Geomorphology,DEMO031,
Slope,-0.3043063,0.6434909,Geomorphology,DEMO032,
Slope,-0.2133836,0.5618859,Geomorphology,DEMO033,
Slope,-0.3211318,0.5177258,Geomorphology,DEMO034,
Slope,-0.3495219,0.5353269,Geomorphology,DEMO035,
Slope,-0.2048122,0.6006966,Geomorphology,DEMO036,
Slope,-0.1947258,0.6702198,Geomorphology,DEMO037,
Slope,-0.3154102,0.6977413,Geomorphology,DEMO038,
Slope,-0.2603396,0.6632253,Geomorphology,DEMO039,
Slope,-0.1305320,0.5851956,Geomorphology,DEMO040,
Slope,-0.2004627,0.5092295,Geomorphology,DEMO041,
Slope,-0.2820676,0.4796523,Geomorphology,DEMO042,
Slope,-0.1604809,0.5120089,Geomorphology,DEMO043,
Slope,-0.0918752,0.5834083,Geomorphology,DEMO044,
Slope,-0.2098763,0.6467376,Geomorphology,DEMO045,
Slope,-0.2159277,0.6599168,Geomorphology,DEMO046,
Slope,-0.0710499,0.6120295,Geomorphology,DEMO047,
Slope,-0.0861439,0.5301002,Geomorphology,DEMO048,
Slope,-0.2015998,0.4623106,Geomorphology,DEMO049,
Slope,-0.1254033,0.4480768,Geomorphology,DEMO050,
Slope,-0.0097386,0.4935709,Geomorphology,DEMO051,
Slope,-0.0983556,0.5678861,Geomorphology,DEMO052,
Slope,-0.1617734,0.6222293,Geomorphology,DEMO053,
Slope,-0.0289909,0.6202199,Geomorphology,DEMO054,
Slope,0.0163045,0.5604812,Geomorphology,DEMO055,
Slope,-0.1069303,0.4774943,Geomorphology,DEMO056,
Slope,-0.0893010,0.4201837,Geomorphology,DEMO057,
Slope,0.0521484,0.4215341,Geomorphology,DEMO058,
Slope,0.0134383,0.4781056,Geomorphology,DEMO059,
Slope,-0.0919958,0.5521684,Geomorphology,DEMO060,
Slope,0.0038698,0.5951327,Geomorphology,DEMO061,
Slope,0.1026294,0.5777211,Geomorphology,DEMO062,
Slope,-0.0008232,0.5081495,Geomorphology,DEMO063,
Slope,-0.0430400,0.4270236,Geomorphology,DEMO064,
Slope,0.0975657,0.3821214,Geomorphology,DEMO065,
Slope,0.1190057,0.3987220,Geomorphology,DEMO066,
Slope,-0.0045465,0.4639057,Geomorphology,DEMO067,
Slope,0.0370967,0.5345764,Geomorphology,DEMO068,
Slope,0.1714234,0.5642229,Geomorphology,DEMO069,
Slope,0.1112481,0.5318013,Geomorphology,DEMO070,
Slope,0.0201504,0.4548023,Geomorphology,DEMO071,
Slope,0.1334622,0.3783878,Geomorphology,DEMO072,
Slope,0.2130008,0.3473443,Geomorphology,DEMO073,
Slope,0.0989658,0.3782684,Geomorphology,DEMO074,
Slope,0.0802197,0.4492596,Geomorphology,DEMO075,
Slope,0.2249886,0.5135184,Geomorphology,DEMO076,
Slope,0.2227916,0.5284077,Geomorphology,DEMO077,
Slope,0.1038597,0.4819292,Geomorphology,DEMO078,
Slope,0.1691037,0.4001723,Geomorphology,DEMO079,
Slope,0.2929007,0.3311109,Geomorphology,DEMO080,
Slope,0.2141871,0.3148097,Geomorphology,DEMO081,
Slope,0.1413776,0.3585419,Geomorphology,DEMO082,
Slope,0.2694736,0.4322704,Geomorphology,DEMO083,
Slope,0.3282526,0.4872986,Geomorphology,DEMO084,
Slope,0.2084123,0.4865092,Geomorphology,DEMO085,
Slope,0.2148536,0.4274111,Geomorphology,DEMO086,
Slope,0.3602302,0.3436843,Geomorphology,DEMO087,
Slope,0.3356552,0.2842611,Geomorphology,DEMO088,
Slope,0.2264400,0.2829361,Geomorphology,DEMO089,
Slope,0.3144529,0.3373763,Geomorphology,DEMO090,
Slope,0.4250452,0.4105663,Geomorphology,DEMO091,
Slope,0.3317596,0.4537907,Geomorphology,DEMO092,
Slope,0.2810855,0.4368824,Geomorphology,DEMO093,
Slope,0.4213705,0.3669517,Geomorphology,DEMO094,
Slope,0.4591370,0.2839652,Geomorphology,DEMO095,
Slope,0.3391412,0.2359210,Geomorphology,DEMO096,
Slope,0.3724350,0.2490348,Geomorphology,DEMO097,
Slope,0.5157040,0.3114528,Geomorphology,DEMO098,
Slope,0.4717028,0.3806048,Geomorphology,DEMO099,
Slope,0.3780742,0.4096311,Geomorphology,DEMO100,
Slope,0.4885155,0.3764720,Geomorphology,DEMO101,
Slope,0.5850525,0.2975550,Geomorphology,DEMO102,
Slope,0.4832226,0.2175794,Geomorphology,DEMO103,
Slope,0.4596287,0.1817414,Geomorphology,DEMO104,
Slope,0.6111990,0.2076490,Geomorphology,DEMO105,
Slope,0.6307944,0.2743640,Geomorphology,DEMO106,
Slope,0.5191033,0.3353784,Geomorphology,DEMO107,
Slope,0.5833291,0.3474631,Geomorphology,DEMO108,
Slope,0.7257257,0.2974730,Geomorphology,DEMO109,
Slope,0.6705111,0.2104597,Geomorphology,DEMO110,
Slope,0.6034160,0.1340490,Geomorphology,DEMO111,
Slope,0.7420385,0.1087800,Geomorphology,DEMO112,
Slope,0.8325930,0.1428143,Geomorphology,DEMO113,
Slope,0.7392370,0.2067030,Geomorphology,DEMO114,
Slope,0.7606777,0.2514310,Geomorphology,DEMO115,
Slope,0.9408580,0.2384651,Geomorphology,DEMO116,
Slope,0.9717546,0.1629931,Geomorphology,DEMO117,
Slope,0.9156376,0.0554828,Geomorphology,DEMO118,
Slope,1.0803228,0.0000000,Geomorphology,DEMO119,
Slope,1.3808531,0.0000000,Geomorphology,DEMO120,
Lithology,-1.2485168,0.0000000,Geology,DEMO001,4
Lithology,-1.0511886,0.0000000,Geology,DEMO002,
Lithology,-0.8417809,0.0310702,Geology,DEMO003,
Lithology,-0.8330903,0.1359919,Geology,DEMO004,
Lithology,-0.8819777,0.2256432,Geology,DEMO005,
Lithology,-0.7522358,0.2607508,Geology,DEMO006,
Lithology,-0.6439548,0.2323769,Geology,DEMO007,
Lithology,-0.7220490,0.1688987,Geology,DEMO008,
Lithology,-0.7299000,0.1190765,Geology,DEMO009,
Lithology,-0.5813774,0.1221633,Geology,DEMO010,
Lithology,-0.5587091,0.1837729,Geology,DEMO011,
Lithology,-0.6573566,0.2725577,Geology,DEMO012,
Lithology,-0.5956705,0.3397917,Geology,DEMO013,
Lithology,-0.4668426,0.3497149,Geology,DEMO014,
Lithology,-0.5224751,0.3018054,Geology,DEMO015,
Lithology,-0.5892076,0.2311540,Geology,DEMO016,
Lithology,-0.4700870,0.1867134,Geology,DEMO017,
Lithology,-0.4006610,0.2009307,Geology,DEMO018,
Lithology,-0.5029843,0.2696246,Geology,DEMO019,
Lithology,-0.5026296,0.3546047,Geology,DEMO020,
Lithology,-0.3644006,0.4074066,Geology,DEMO021,
Lithology,-0.3737533,0.3994046,Geology,DEMO022,
Lithology,-0.4752634,0.3396021,Geology,DEMO023,
Lithology,-0.4009497,0.2690529,Geology,DEMO024,
Lithology,-0.2911179,0.2353766,Geology,DEMO025,
Lithology,-0.3691875,0.2631964,Geology,DEMO026,
Lithology,-0.4239473,0.3388559,Geology,DEMO027,
Lithology,-0.2988855,0.4189073,Geology,DEMO028,
Lithology,-0.2547838,0.4570988,Geology,DEMO029,
Lithology,-0.3654213,0.4331033,Geology,DEMO030,
Lithology,-0.3465799,0.3651467,Geology,DEMO031,
Lithology,-0.2145563,0.2986943,Geology,DEMO032,
Lithology,-0.2483651,0.2782212,Geology,DEMO033,
Lithology,-0.3432113,0.3195972,Geology,DEMO034,
Lithology,-0.2532764,0.4002349,Geology,DEMO035,
Lithology,-0.1612678,0.4731204,Geology,DEMO036,
Lithology,-0.2550481,0.4960117,Geology,DEMO037,
Lithology,-0.2923214,0.4576745,Geology,DEMO038,
Lithology,-0.1620260,0.3848610,Geology,DEMO039,
Lithology,-0.1416507,0.3256996,Geology,DEMO040,
Lithology,-0.2542559,0.3198088,Geology,DEMO041,
Lithology,-0.2150229,0.3736969,Geology,DEMO042,
Lithology,-0.0911797,0.4567219,Geology,DEMO043,
Lithology,-0.1462132,0.5201222,Geology,DEMO044,
Lithology,-0.2293376,0.5273000,Geology,DEMO045,
Lithology,-0.1248603,0.4765500,Geology,DEMO046,
Lithology,-0.0519413,0.4021201,Geology,DEMO047,
Lithology,-0.1567721,0.3529453,Geology,DEMO048,
Lithology,-0.1738280,0.3622600,Geology,DEMO049,
Lithology,-0.0410934,0.4269610,Geology,DEMO050,
Lithology,-0.0437442,0.5095361,Geology,DEMO051,
Lithology,-0.1533654,0.5613606,Geology,DEMO052,
Lithology,-0.0937795,0.5528945,Geology,DEMO053,
Lithology,0.0190434,0.4920286,Geology,DEMO054,
Lithology,-0.0542939,0.4191853,Geology,DEMO055,
Lithology,-0.1219068,0.3822174,Geology,DEMO056,
Lithology,-0.0052276,0.4066926,Geology,DEMO057,
Lithology,0.0472515,0.4800172,Geology,DEMO058,
Lithology,-0.0642394,0.5592577,Geology,DEMO059,
Lithology,-0.0595651,0.5978040,Geology,DEMO060,
Lithology,0.0722331,0.5743156,Geology,DEMO061,
Lithology,0.0475549,0.5059751,Geology,DEMO062,
Lithology,-0.0546294,0.4378190,Geology,DEMO063,
Lithology,0.0242514,0.4147709,Geology,DEMO064,
Lithology,0.1232529,0.4537452,Geology,DEMO065,
Lithology,0.0348433,0.5331441,Geology,DEMO066,
Lithology,-0.0142224,0.6062712,Geology,DEMO067,
Lithology,0.1117016,0.6303312,Geology,DEMO068,
Lithology,0.1428621,0.5930073,Geology,DEMO069,
Lithology,0.0291523,0.5201110,Geology,DEMO070,
Lithology,0.0562233,0.4595544,Geology,DEMO071,
Lithology,0.1836227,0.4515980,Geology,DEMO072,
Lithology,0.1385367,0.5038500,Geology,DEMO073,
Lithology,0.0479284,0.5865431,Geology,DEMO074,
Lithology,0.1443681,0.6510213,Geology,DEMO075,
Lithology,0.2271652,0.6599572,Geology,DEMO076,
Lithology,0.1273942,0.6105336,Geology,DEMO077,
Lithology,0.0993189,0.5361949,Geology,DEMO078,
Lithology,0.2312612,0.4858795,Geology,DEMO079,
Lithology,0.2409681,0.4936307,Geology,DEMO080,
Lithology,0.1296254,0.5574578,Geology,DEMO081,
Lithology,0.1791266,0.6405737,Geology,DEMO082,
Lithology,0.2989247,0.6942426,Geology,DEMO083,
Lithology,0.2358538,0.6880468,Geology,DEMO084,
Lithology,0.1607503,0.6287785,Geology,DEMO085,
Lithology,0.2726348,0.5562249,Geology,DEMO086,
Lithology,0.3375910,0.5184621,Geology,DEMO087,
Lithology,0.2307888,0.5420032,Geology,DEMO088,
Lithology,0.2257494,0.6153366,Geology,DEMO089,
Lithology,0.3606073,0.6960776,Geology,DEMO090,
Lithology,0.3497806,0.7372940,Geology,DEMO091,
Lithology,0.2457155,0.7166542,Geology,DEMO092,
Lithology,0.3174015,0.6503003,Geology,DEMO093,
Lithology,0.4271448,0.5828281,Geology,DEMO094,
Lithology,0.3496577,0.5595985,Geology,DEMO095,
Lithology,0.2941126,0.5985741,Geology,DEMO096,
Lithology,0.4195300,0.6791708,Geology,DEMO097,
Lithology,0.4663776,0.7550477,Geology,DEMO098,
Lithology,0.3579904,0.7828936,Geology,DEMO099,
Lithology,0.3782843,0.7493322,Geology,DEMO100,
Lithology,0.5139905,0.6792394,Geology,DEMO101,
Lithology,0.4854986,0.6203076,Geology,DEMO102,
Lithology,0.3948442,0.6134420,Geology,DEMO103,
Lithology,0.4894170,0.6673749,Geology,DEMO104,
Lithology,0.5888956,0.7532616,Geology,DEMO105,
Lithology,0.5032440,0.8226155,Geology,DEMO106,
Lithology,0.4732521,0.8374455,Geology,DEMO107,
Lithology,0.6128693,0.7938810,Geology,DEMO108,
Lithology,0.6454939,0.7246161,Geology,DEMO109,
Lithology,0.5452714,0.6786572,Geology,DEMO110,
Lithology,0.5975007,0.6909544,Geology,DEMO111,
Lithology,0.7382255,0.7607833,Geology,DEMO112,
Lithology,0.7032860,0.8523106,Geology,DEMO113,
Lithology,0.6415784,0.9170109,Geology,DEMO114,
Lithology,0.7717523,0.9240452,Geology,DEMO115,
Lithology,0.8781662,0.8798022,Geology,DEMO116,
Lithology,0.8147822,0.8246209,Geology,DEMO117,
Lithology,0.8513973,0.8091696,Geology,DEMO118,
Lithology,1.0664476,0.8668829,Geology,DEMO119,
Lithology,1.2340623,1.0000000,Geology,DEMO120,
Aspect,-1.0962368,0.0000000,Geomorphology,DEMO001,5
Aspect,-0.8438140,0.0061471,Geomorphology,DEMO002,
Aspect,-0.7366664,0.1256814,Geomorphology,DEMO003,
Aspect,-0.7869693,0.2125089,Geomorphology,DEMO004,
Aspect,-0.7366621,0.2365487,Geomorphology,DEMO005,
Aspect,-0.5957685,0.1992724,Geomorphology,DEMO006,
Aspect,-0.6036220,0.1366929,Geomorphology,DEMO007,
Aspect,-0.6675097,0.0984292,Geomorphology,DEMO008,
Aspect,-0.5738198,0.1175832,Geomorphology,DEMO009,
Aspect,-0.4807573,0.1905736,Geomorphology,DEMO010,
Aspect,-0.5502999,0.2796038,Geomorphology,DEMO011,
Aspect,-0.5718590,0.3362979,Geomorphology,DEMO012,
Aspect,-0.4494807,0.3318584,Geomorphology,DEMO013,
Aspect,-0.4236164,0.2750346,Geomorphology,DEMO014,
Aspect,-0.5135484,0.2067548,Geomorphology,DEMO015,
Aspect,-0.4723697,0.1747600,Geomorphology,DEMO016,
Aspect,-0.3588083,0.2039967,Geomorphology,DEMO017,
Aspect,-0.4009259,0.2811583,Geomorphology,DEMO018,
Aspect,-0.4674981,0.3629750,Geomorphology,DEMO019,
Aspect,-0.3719136,0.4031069,Geomorphology,DEMO020,
Aspect,-0.3044321,0.3809407,Geomorphology,DEMO021,
Aspect,-0.3912270,0.3144059,Geomorphology,DEMO022,
Aspect,-0.4019359,0.2488551,Geomorphology,DEMO023,
Aspect,-0.2833399,0.2289117,Geomorphology,DEMO024,
Aspect,-0.2826008,0.2707691,Geomorphology,DEMO025,
Aspect,-0.3745057,0.3521437,Geomorphology,DEMO026,
Aspect,-0.3198287,0.4261214,Geomorphology,DEMO027,
Aspect,-0.2195806,0.4502989,Geomorphology,DEMO028,
Aspect,-0.2809142,0.4131222,Geomorphology,DEMO029,
Aspect,-0.3370959,0.3410681,Geomorphology,DEMO030,
Aspect,-0.2338004,0.2822070,Geomorphology,DEMO031,
Aspect,-0.1866579,0.2763559,Geomorphology,DEMO032,
Aspect,-0.2815938,0.3303564,Geomorphology,DEMO033,
Aspect,-0.2757054,0.4138298,Geomorphology,DEMO034,
Aspect,-0.1600566,0.4780462,Geomorphology,DEMO035,
Aspect,-0.1803592,0.4861893,Geomorphology,DEMO036,
Aspect,-0.2676205,0.4362224,Geomorphology,DEMO037,
Aspect,-0.1979829,0.3621564,Geomorphology,DEMO038,
Aspect,-0.1113972,0.3129311,Geomorphology,DEMO039,
Aspect,-0.1873291,0.3220266,Geomorphology,DEMO040,
Aspect,-0.2289092,0.3866737,Geomorphology,DEMO041,
Aspect,-0.1190758,0.4695764,Geomorphology,DEMO042,
Aspect,-0.0917996,0.5220744,Geomorphology,DEMO043,
Aspect,-0.1899443,0.5143638,Geomorphology,DEMO044,
Aspect,-0.1659354,0.4540066,Geomorphology,DEMO045,
Aspect,-0.0553933,0.3812370,Geomorphology,DEMO046,
Aspect,-0.0945866,0.3439773,Geomorphology,DEMO047,
Aspect,-0.1729710,0.3680795,Geomorphology,DEMO048,
Aspect,-0.0893164,0.4412728,Geomorphology,DEMO049,
Aspect,-0.0179594,0.5207853,Geomorphology,DEMO050,
Aspect,-0.1048438,0.5599067,Geomorphology,DEMO051,
Aspect,-0.1293498,0.5369971,Geomorphology,DEMO052,
Aspect,-0.0154743,0.4689268,Geomorphology,DEMO053,
Aspect,-0.0079259,0.4006009,Geomorphology,DEMO054,
Aspect,-0.1051101,0.3770744,Geomorphology,DEMO055,
Aspect,-0.0628151,0.4155744,Geomorphology,DEMO056,
Aspect,0.0399426,0.4948026,Geomorphology,DEMO057,
Aspect,-0.0159869,0.5681637,Geomorphology,DEMO058,
Aspect,-0.0820942,0.5927014,Geomorphology,DEMO059,
Aspect,0.0136920,0.5557763,Geomorphology,DEMO060,
Aspect,0.0683130,0.4829159,Geomorphology,DEMO061,
Aspect,-0.0259116,0.4219628,Geomorphology,DEMO062,
Aspect,-0.0317733,0.4133661,Geomorphology,DEMO063,
Aspect,0.0832063,0.4650627,Geomorphology,DEMO064,
Aspect,0.0715293,0.5475503,Geomorphology,DEMO065,
Aspect,-0.0208018,0.6122093,Geomorphology,DEMO066,
Aspect,0.0391339,0.6214967,Geomorphology,DEMO067,
Aspect,0.1314913,0.5722620,Geomorphology,DEMO068,
Aspect,0.0613570,0.4977045,Geomorphology,DEMO069,
Aspect,0.0103850,0.4467579,Geomorphology,DEMO070,
Aspect,0.1159017,0.4537036,Geomorphology,DEMO071,
Aspect,0.1527214,0.5168828,Geomorphology,DEMO072,
Aspect,0.0549253,0.5997284,Geomorphology,DEMO073,
Aspect,0.0686097,0.6534743,Geomorphology,DEMO074,
Aspect,0.1816753,0.6474408,Geomorphology,DEMO075,
Aspect,0.1518728,0.5880885,Geomorphology,DEMO076,
Aspect,0.0681210,0.5150074,Geomorphology,DEMO077,
Aspect,0.1444879,0.4763333,Geomorphology,DEMO078,
Aspect,0.2241935,0.4988567,Geomorphology,DEMO079,
Aspect,0.1428918,0.5713879,Geomorphology,DEMO080,
Aspect,0.1094845,0.6517074,Geomorphology,DEMO081,
Aspect,0.2220963,0.6927866,Geomorphology,DEMO082,
Aspect,0.2407289,0.6719943,Geomorphology,DEMO083,
Aspect,0.1433681,0.6051536,Geomorphology,DEMO084,
Aspect,0.1770092,0.5367174,Geomorphology,DEMO085,
Aspect,0.2853711,0.5121661,Geomorphology,DEMO086,
Aspect,0.2393226,0.5497663,Geomorphology,DEMO087,
Aspect,0.1678149,0.6292304,Geomorphology,DEMO088,
Aspect,0.2591158,0.7043183,Geomorphology,DEMO089,
Aspect,0.3246055,0.7315561,Geomorphology,DEMO090,
Aspect,0.2358470,0.6972369,Geomorphology,DEMO091,
Aspect,0.2222115,0.6259372,Geomorphology,DEMO092,
Aspect,0.3394421,0.5652588,Geomorphology,DEMO093,
Aspect,0.3405276,0.5562733,Geomorphology,DEMO094,
Aspect,0.2480814,0.6080210,Geomorphology,DEMO095,
Aspect,0.3019864,0.6919034,Geomorphology,DEMO096,
Aspect,0.4036177,0.7594490,Geomorphology,DEMO097,
Aspect,0.3444145,0.7724220,Geomorphology,DEMO098,
Aspect,0.2891872,0.7265744,Geomorphology,DEMO099,
Aspect,0.3943066,0.6542939,Geomorphology,DEMO100,
Aspect,0.4454574,0.6045011,Geomorphology,DEMO101,
Aspect,0.3543055,0.6122820,Geomorphology,DEMO102,
Aspect,0.3632714,0.6771130,Geomorphology,DEMO103,
Aspect,0.4839399,0.7632026,Geomorphology,DEMO104,
Aspect,0.4703495,0.8217367,Geomorphology,DEMO105,
Aspect,0.3890574,0.8212147,Geomorphology,DEMO106,
Aspect,0.4651082,0.7670387,Geomorphology,DEMO107,
Aspect,0.5608162,0.6981910,Geomorphology,DEMO108,
Aspect,0.4950667,0.6630668,Geomorphology,DEMO109,
Aspect,0.4633125,0.6894707,Geomorphology,DEMO110,
Aspect,0.5851301,0.7674156,Geomorphology,DEMO111,
Aspect,0.6277143,0.8554095,Geomorphology,DEMO112,
Aspect,0.5460489,0.9063386,Geomorphology,DEMO113,
Aspect,0.5882384,0.8968892,Geomorphology,DEMO114,
Aspect,0.7221070,0.8422694,Geomorphology,DEMO115,
Aspect,0.7119883,0.7871552,Geomorphology,DEMO116,
Aspect,0.6684540,0.7786369,Geomorphology,DEMO117,
Aspect,0.7989170,0.8384048,Geomorphology,DEMO118,
Aspect,0.9425919,0.9531821,Geomorphology,DEMO119,
Aspect,1.0026672,1.0000000,Geomorphology,DEMO120,
Land cover,-0.8872222,0.9997099,Surface cover,DEMO001,6
Land cover,-0.6807188,0.9985588,Surface cover,DEMO002,
Land cover,-0.6742470,1.0000000,Surface cover,DEMO003,
Land cover,-0.6830317,0.9625007,Surface cover,DEMO004,
Land cover,-0.5669827,0.8744657,Surface cover,DEMO005,
Land cover,-0.5048427,0.7788064,Surface cover,DEMO006,
Land cover,-0.5668721,0.7220635,Surface cover,DEMO007,
Land cover,-0.5462930,0.7287175,Surface cover,DEMO008,
Land cover,-0.4352978,0.7852962,Surface cover,DEMO009,
Land cover,-0.4412475,0.8483507,Surface cover,DEMO010,
Land cover,-0.5049566,0.8711933,Surface cover,DEMO011,
Land cover,-0.4369614,0.8327265,Surface cover,DEMO012,
Land cover,-0.3558880,0.7504287,Surface cover,DEMO013,
Land cover,-0.4131136,0.6694145,Surface cover,DEMO014,
Land cover,-0.4416493,0.6343537,Surface cover,DEMO015,
Land cover,-0.3427747,0.6616800,Surface cover,DEMO016,
Land cover,-0.3145469,0.7293460,Surface cover,DEMO017,
Land cover,-0.3926991,0.7904815,Surface cover,DEMO018,
Land cover,-0.3676871,0.8024734,Surface cover,DEMO019,
Land cover,-0.2700844,0.7534060,Surface cover,DEMO020,
Land cover,-0.2996293,0.6694418,Surface cover,DEMO021,
Land cover,-0.3623229,0.5985585,Surface cover,DEMO022,
Land cover,-0.2881475,0.5807405,Surface cover,DEMO023,
Land cover,-0.2249367,0.6231368,Surface cover,DEMO024,
Land cover,-0.2957724,0.6956107,Surface cover,DEMO025,
Land cover,-0.3137406,0.7494456,Surface cover,DEMO026,
Land cover,-0.2149740,0.7475901,Surface cover,DEMO027,
Land cover,-0.2065925,0.6876595,Surface cover,DEMO028,
Land cover,-0.2867540,0.6034104,Surface cover,DEMO029,
Land cover,-0.2488871,0.5437720,Surface cover,DEMO030,
Land cover,-0.1602983,0.5424552,Surface cover,DEMO031,
Land cover,-0.2061895,0.5970137,Surface cover,DEMO032,
Land cover,-0.2605067,0.6703586,Surface cover,DEMO033,
Land cover,-0.1779910,0.7137865,Surface cover,DEMO034,
Land cover,-0.1307305,0.6972213,Surface cover,DEMO035,
Land cover,-0.2094006,0.6278878,Surface cover,DEMO036,
Land cover,-0.2131444,0.5458220,Surface cover,DEMO037,
Land cover,-0.1149532,0.4990059,Surface cover,DEMO038,
Land cover,-0.1242312,0.5135676,Surface cover,DEMO039,
Land cover,-0.2015770,0.5775535,Surface cover,DEMO040,
Land cover,-0.1500651,0.6483488,Surface cover,DEMO041,
Land cover,-0.0715213,0.6791395,Surface cover,DEMO042,
Land cover,-0.1305732,0.6479817,Surface cover,DEMO043,
Land cover,-0.1731856,0.5714273,Surface cover,DEMO044,
Land cover,-0.0835585,0.4942429,Surface cover,DEMO045,
Land cover,-0.0524324,0.4616081,Surface cover,DEMO046,
Land cover,-0.1351200,0.4910572,Surface cover,DEMO047,
Land cover,-0.1233334,0.5615884,Surface cover,DEMO048,
Land cover,-0.0277912,0.6267050,Surface cover,DEMO049,
Land cover,-0.0533737,0.6432880,Surface cover,DEMO050,
Land cover,-0.1243936,0.5983721,Surface cover,DEMO051,
Land cover,-0.0599598,0.5171955,Surface cover,DEMO052,
Land cover,0.0068944,0.4475258,Surface cover,DEMO053,
Land cover,-0.0625341,0.4299950,Surface cover,DEMO054,
Land cover,-0.0912265,0.4728652,Surface cover,DEMO055,
Land cover,0.0034015,0.5468969,Surface cover,DEMO056,
Land cover,0.0181539,0.6035058,Surface cover,DEMO057,
Land cover,-0.0651201,0.6049320,Surface cover,DEMO058,
Land cover,-0.0374625,0.5476886,Surface cover,DEMO059,
Land cover,0.0530316,0.4647254,Surface cover,DEMO060,
Land cover,0.0126604,0.4049659,Surface cover,DEMO061,
Land cover,-0.0490581,0.4029248,Surface cover,DEMO062,
Land cover,0.0268606,0.4572727,Surface cover,DEMO063,
Land cover,0.0804974,0.5316610,Surface cover,DEMO064,
Land cover,0.0035792,0.5772929,Surface cover,DEMO065,
Land cover,-0.0096382,0.5632254,Surface cover,DEMO066,
Land cover,0.0875339,0.4955840,Surface cover,DEMO067,
Land cover,0.0860437,0.4137573,Surface cover,DEMO068,
Land cover,0.0054926,0.3659354,Surface cover,DEMO069,
Land cover,0.0487251,0.3791826,Surface cover,DEMO070,
Land cover,0.1318327,0.4426291,Surface cover,DEMO071,
Land cover,0.0785832,0.5142198,Surface cover,DEMO072,
Land cover,0.0287702,0.5468293,Surface cover,DEMO073,
Land cover,0.1143106,0.5175257,Surface cover,DEMO074,
Land cover,0.1535936,0.4418099,Surface cover,DEMO075,
Land cover,0.0722933,0.3639880,Surface cover,DEMO076,
Land cover,0.0755962,0.3296555,Surface cover,DEMO077,
Land cover,0.1727805,0.3573809,Surface cover,DEMO078,
Land cover,0.1557283,0.4271727,Surface cover,DEMO079,
Land cover,0.0811588,0.4928927,Surface cover,DEMO080,
Land cover,0.1392177,0.5109059,Surface cover,DEMO081,
Land cover,0.2129094,0.4671761,Surface cover,DEMO082,
Land cover,0.1491959,0.3859804,Surface cover,DEMO083,
Land cover,0.1136091,0.3148307,Surface cover,DEMO084,
Land cover,0.2067170,0.2949664,Surface cover,DEMO085,
Land cover,0.2311167,0.3357422,Surface cover,DEMO086,
Land cover,0.1488458,0.4088159,Surface cover,DEMO087,
Land cover,0.1693614,0.4657463,Surface cover,DEMO088,
Land cover,0.2642336,0.4680720,Surface cover,DEMO089,
Land cover,0.2330399,0.4111930,Surface cover,DEMO090,
Land cover,0.1677793,0.3272233,Surface cover,DEMO091,
Land cover,0.2397289,0.2650443,Surface cover,DEMO092,
Land cover,0.3026104,0.2599447,Surface cover,DEMO093,
Land cover,0.2315554,0.3117015,Surface cover,DEMO094,
Land cover,0.2124654,0.3847131,Surface cover,DEMO095,
Land cover,0.3113018,0.4301022,Surface cover,DEMO096,
Land cover,0.3212881,0.4160621,Surface cover,DEMO097,
Land cover,0.2420686,0.3476018,Surface cover,DEMO098,
Land cover,0.2805814,0.2634268,Surface cover,DEMO099,
Land cover,0.3716255,0.2118940,Surface cover,DEMO100,
Land cover,0.3289984,0.2209712,Surface cover,DEMO101,
Land cover,0.2770115,0.2808570,Surface cover,DEMO102,
Land cover,0.3625350,0.3500536,Surface cover,DEMO103,
Land cover,0.4147865,0.3811211,Surface cover,DEMO104,
Land cover,0.3411564,0.3501186,Surface cover,DEMO105,
Land cover,0.3419227,0.2714495,Surface cover,DEMO106,
Land cover,0.4463516,0.1888897,Surface cover,DEMO107,
Land cover,0.4450759,0.1483701,Surface cover,DEMO108,
Land cover,0.3754451,0.1694131,Surface cover,DEMO109,
Land cover,0.4352733,0.2329584,Surface cover,DEMO110,
Land cover,0.5248579,0.2931346,Surface cover,DEMO111,
Land cover,0.4784713,0.3056598,Surface cover,DEMO112,
Land cover,0.4489939,0.2552253,Surface cover,DEMO113,
Land cover,0.5545487,0.1648376,Surface cover,DEMO114,
Land cover,0.6060492,0.0812878,Surface cover,DEMO115,
Land cover,0.5472172,0.0457035,Surface cover,DEMO116,
Land cover,0.5880922,0.0673187,Surface cover,DEMO117,
Land cover,0.7241144,0.1163097,Surface cover,DEMO118,
Land cover,0.7598472,0.1384137,Surface cover,DEMO119,
Land cover,0.8122660,0.0682231,Surface cover,DEMO120,
River distance,-0.7559999,1.0000000,Hydrology,DEMO001,7
River distance,-0.6378492,1.0000000,Hydrology,DEMO002,
River distance,-0.6574889,0.9794345,Hydrology,DEMO003,
River distance,-0.5878029,0.8781147,Hydrology,DEMO004,
River distance,-0.4814077,0.7833051,Hydrology,DEMO005,
River distance,-0.5028730,0.7374822,Hydrology,DEMO006,
River distance,-0.5354424,0.7562382,Hydrology,DEMO007,
River distance,-0.4463306,0.8171685,Hydrology,DEMO008,
River distance,-0.3915693,0.8730952,Hydrology,DEMO009,
River distance,-0.4527511,0.8809742,Hydrology,DEMO010,
River distance,-0.4468416,0.8283820,Hydrology,DEMO011,
River distance,-0.3494919,0.7410664,Hydrology,DEMO012,
River distance,-0.3508829,0.6668410,Hydrology,DEMO013,
River distance,-0.4146324,0.6458074,Hydrology,DEMO014,
River distance,-0.3617618,0.6853873,Hydrology,DEMO015,
River distance,-0.2851382,0.7556623,Hydrology,DEMO016,
River distance,-0.3340835,0.8079137,Hydrology,DEMO017,
River distance,-0.3682135,0.8048438,Hydrology,DEMO018,
River distance,-0.2825735,0.7437113,Hydrology,DEMO019,
River distance,-0.2507052,0.6580110,Hydrology,DEMO020,
River distance,-0.3224374,0.5966545,Hydrology,DEMO021,
River distance,-0.3083424,0.5935800,Hydrology,DEMO022,
River distance,-0.2185768,0.6466625,Hydrology,DEMO023,
River distance,-0.2392827,0.7190216,Hydrology,DEMO024,
River distance,-0.3012272,0.7619135,Hydrology,DEMO025,
River distance,-0.2401691,0.7449922,Hydrology,DEMO026,
River distance,-0.1773713,0.6751460,Hydrology,DEMO027,
River distance,-0.2385871,0.5922128,Hydrology,DEMO028,
River distance,-0.2626459,0.5442338,Hydrology,DEMO029,
River distance,-0.1748637,0.5576143,Hydrology,DEMO030,
River distance,-0.1600616,0.6207203,Hydrology,DEMO031,
River distance,-0.2342969,0.6910988,Hydrology,DEMO032,
River distance,-0.2076334,0.7218364,Hydrology,DEMO033,
River distance,-0.1242135,0.6906893,Hydrology,DEMO034,
River distance,-0.1599573,0.6138924,Hydrology,DEMO035,
River distance,-0.2149258,0.5360748,Hydrology,DEMO036,
River distance,-0.1448686,0.5025410,Hydrology,DEMO037,
River distance,-0.0954454,0.5311345,Hydrology,DEMO038,
River distance,-0.1647082,0.6011540,Hydrology,DEMO039,
River distance,-0.1758947,0.6662061,Hydrology,DEMO040,
River distance,-0.0869847,0.6830141,Hydrology,DEMO041,
River distance,-0.0880516,0.6382902,Hydrology,DEMO042,
River distance,-0.1608384,0.5569854,Hydrology,DEMO043,
River distance,-0.1210496,0.4867929,Hydrology,DEMO044,
River distance,-0.0453653,0.4685287,Hydrology,DEMO045,
River distance,-0.0937588,0.5107826,Hydrology,DEMO046,
River distance,-0.1388188,0.5845829,Hydrology,DEMO047,
River distance,-0.0609609,0.6413856,Hydrology,DEMO048,
River distance,-0.0255034,0.6432194,Hydrology,DEMO049,
River distance,-0.0996063,0.5862641,Hydrology,DEMO050,
River distance,-0.0966493,0.5032219,Hydrology,DEMO051,
River distance,-0.0086353,0.4430076,Hydrology,DEMO052,
River distance,-0.0247130,0.4403712,Hydrology,DEMO053,
River distance,-0.0928999,0.4943166,Hydrology,DEMO054,
River distance,-0.0405221,0.5687191,Hydrology,DEMO055,
River distance,0.0256960,0.6147576,Hydrology,DEMO056,
River distance,-0.0330743,0.6012315,Hydrology,DEMO057,
River distance,-0.0660844,0.5339351,Hydrology,DEMO058,
River distance,0.0177038,0.4520584,Hydrology,DEMO059,
River distance,0.0386835,0.4038485,Hydrology,DEMO060,
River distance,-0.0372305,0.4166471,Hydrology,DEMO061,
River distance,-0.0196175,0.4799100,Hydrology,DEMO062,
River distance,0.0652382,0.5517539,Hydrology,DEMO063,
River distance,0.0352563,0.5849650,Hydrology,DEMO064,
River distance,-0.0255416,0.5563177,Hydrology,DEMO065,
River distance,0.0382912,0.4809967,Hydrology,DEMO066,
River distance,0.0934528,0.4031661,Hydrology,DEMO067,
River distance,0.0267686,0.3685419,Hydrology,DEMO068,
River distance,0.0074306,0.3960014,Hydrology,DEMO069,
River distance,0.0949756,0.4658590,Hydrology,DEMO070,
River distance,0.1013417,0.5320895,Hydrology,DEMO071,
River distance,0.0266268,0.5509090,Hydrology,DEMO072,
River distance,0.0588693,0.5079632,Hydrology,DEMO073,
River distance,0.1383586,0.4272403,Hydrology,DEMO074,
River distance,0.0959963,0.3561727,Hydrology,DEMO075,
River distance,0.0451162,0.3361799,Hydrology,DEMO076,
River distance,0.1188911,0.3769455,Hydrology,DEMO077,
River distance,0.1617719,0.4504017,Hydrology,DEMO078,
River distance,0.0899141,0.5081582,Hydrology,DEMO079,
River distance,0.0854606,0.5115506,Hydrology,DEMO080,
River distance,0.1745154,0.4556496,Hydrology,DEMO081,
River distance,0.1666696,0.3723200,Hydrology,DEMO082,
River distance,0.0962028,0.3104304,Hydrology,DEMO083,
River distance,0.1426671,0.3055036,Hydrology,DEMO084,
River distance,0.2148665,0.3576544,Hydrology,DEMO085,
River distance,0.1621777,0.4315158,Hydrology,DEMO086,
River distance,0.1235688,0.4781994,Hydrology,DEMO087,
River distance,0.2056174,0.4656523,Hydrology,DEMO088,
River distance,0.2355808,0.3985589,Hydrology,DEMO089,
River distance,0.1616705,0.3154286,Hydrology,DEMO090,
River distance,0.1730697,0.2646776,Hydrology,DEMO091,
River distance,0.2616058,0.2745584,Hydrology,DEMO092,
River distance,0.2407109,0.3356103,Hydrology,DEMO093,
River distance,0.1777381,0.4065300,Hydrology,DEMO094,
River distance,0.2379290,0.4398158,Hydrology,DEMO095,
River distance,0.3015707,0.4112601,Hydrology,DEMO096,
River distance,0.2414139,0.3349762,Hydrology,DEMO097,
River distance,0.2175576,0.2546267,Hydrology,DEMO098,
River distance,0.3065344,0.2163004,Hydrology,DEMO099,
River distance,0.3240298,0.2398819,Hydrology,DEMO100,
River distance,0.2520082,0.3066928,Hydrology,DEMO101,
River distance,0.2805679,0.3710789,Hydrology,DEMO102,
River distance,0.3675463,0.3887478,Hydrology,DEMO103,
River distance,0.3363007,0.3442583,Hydrology,DEMO104,
River distance,0.2851024,0.2605908,Hydrology,DEMO105,
River distance,0.3595560,0.1848537,Hydrology,DEMO106,
River distance,0.4153675,0.1590022,Hydrology,DEMO107,
River distance,0.3528556,0.1937512,Hydrology,DEMO108,
River distance,0.3481312,0.2618810,Hydrology,DEMO109,
River distance,0.4453003,0.3150903,Hydrology,DEMO110,
River distance,0.4546005,0.3139263,Hydrology,DEMO111,
River distance,0.3925242,0.2521997,Hydrology,DEMO112,
River distance,0.4441785,0.1607122,Hydrology,DEMO113,
River distance,0.5351698,0.0879645,Hydrology,DEMO114,
River distance,0.5051115,0.0697931,Hydrology,DEMO115,
River distance,0.4809705,0.1067255,Hydrology,DEMO116,
River distance,0.5857030,0.1629624,Hydrology,DEMO117,
River distance,0.6585919,0.1871802,Hydrology,DEMO118,
River distance,0.6395994,0.1405001,Hydrology,DEMO119,
River distance,0.7543420,0.0002298,Hydrology,DEMO120,
Fault distance,-0.6642467,0.0712844,Geology,DEMO001,8
Fault distance,-0.6197833,0.1093972,Geology,DEMO002,
Fault distance,-0.5933975,0.0732347,Geology,DEMO003,
Fault distance,-0.4827781,0.0369350,Geology,DEMO004,
Fault distance,-0.4462719,0.0468795,Geology,DEMO005,
Fault distance,-0.4947067,0.1132931,Geology,DEMO006,
Fault distance,-0.4555380,0.2077969,Geology,DEMO007,
Fault distance,-0.3679344,0.2824607,Geology,DEMO008,
Fault distance,-0.3894776,0.3002581,Geology,DEMO009,
Fault distance,-0.4294872,0.2584502,Geology,DEMO010,
Fault distance,-0.3581132,0.1905305,Geology,DEMO011,
Fault distance,-0.3064963,0.1455896,Geology,DEMO012,
Fault distance,-0.3623900,0.1579454,Geology,DEMO013,
Fault distance,-0.3664418,0.2259176,Geology,DEMO014,
Fault distance,-0.2811233,0.3129355,Geology,DEMO015,
Fault distance,-0.2774491,0.3702999,Geology,DEMO016,
Fault distance,-0.3385348,0.3674649,Geology,DEMO017,
Fault distance,-0.2985635,0.3110405,Geology,DEMO018,
Fault distance,-0.2268654,0.2407143,Geology,DEMO019,
Fault distance,-0.2671670,0.2046276,Geology,DEMO020,
Fault distance,-0.3044760,0.2294990,Geology,DEMO021,
Fault distance,-0.2314474,0.3040476,Geology,DEMO022,
Fault distance,-0.1970410,0.3860128,Geology,DEMO023,
Fault distance,-0.2613132,0.4284100,Geology,DEMO024,
Fault distance,-0.2562108,0.4087189,Geology,DEMO025,
Fault distance,-0.1749157,0.3428778,Geology,DEMO026,
Fault distance,-0.1876025,0.2753940,Geology,DEMO027,
Fault distance,-0.2470971,0.2517121,Geology,DEMO028,
Fault distance,-0.1981501,0.2899991,Geology,DEMO029,
Fault distance,-0.1371304,0.3698685,Geology,DEMO030,
Fault distance,-0.1887062,0.4450458,Geology,DEMO031,
Fault distance,-0.2169570,0.4721097,Geology,DEMO032,
Fault distance,-0.1402884,0.4374615,Geology,DEMO033,
Fault distance,-0.1204717,0.3657735,Geology,DEMO034,
Fault distance,-0.1877913,0.3046717,Geology,DEMO035,
Fault distance,-0.1708568,0.2951627,Geology,DEMO036,
Fault distance,-0.0937102,0.3461718,Geology,DEMO037,
Fault distance,-0.1201045,0.4290034,Geology,DEMO038,
Fault distance,-0.1740642,0.4951636,Geology,DEMO039,
Fault distance,-0.1159128,0.5064776,Geology,DEMO040,
Fault distance,-0.0659005,0.4587985,Geology,DEMO041,
Fault distance,-0.1255659,0.3845853,Geology,DEMO042,
Fault distance,-0.1424540,0.3327472,Geology,DEMO043,
Fault distance,-0.0633546,0.3382731,Geology,DEMO044,
Fault distance,-0.0575843,0.4005054,Geology,DEMO045,
Fault distance,-0.1246604,0.4835497,Geology,DEMO046,
Fault distance,-0.0954109,0.5385673,Geology,DEMO047,
Fault distance,-0.0239489,0.5341058,Geology,DEMO048,
Fault distance,-0.0622814,0.4756326,Geology,DEMO049,
Fault distance,-0.1080920,0.4021409,Geology,DEMO050,
Fault distance,-0.0418074,0.3619367,Geology,DEMO051,
Fault distance,-0.0036495,0.3826415,Geology,DEMO052,
Fault distance,-0.0687257,0.4540409,Geology,DEMO053,
Fault distance,-0.0729937,0.5344288,Geology,DEMO054,
Fault distance,0.0066481,0.5765087,Geology,DEMO055,
Fault distance,-0.0011609,0.5567656,Geology,DEMO056,
Fault distance,-0.0651842,0.4900707,Geology,DEMO057,
Fault distance,-0.0239591,0.4204471,Geology,DEMO058,
Fault distance,0.0400897,0.3937326,Geology,DEMO059,
Fault distance,-0.0083608,0.4291156,Geology,DEMO060,
Fault distance,-0.0439741,0.5072199,Geology,DEMO061,
Fault distance,0.0288388,0.5821387,Geology,DEMO062,
Fault distance,0.0544393,0.6099441,Geology,DEMO063,
Fault distance,-0.0134084,0.5759673,Geology,DEMO064,
Fault distance,-0.0044004,0.5039094,Geology,DEMO065,
Fault distance,0.0737079,0.4411240,Geology,DEMO066,
Fault distance,0.0530771,0.4292115,Geology,DEMO067,
Fault distance,-0.0053154,0.4781866,Geology,DEMO068,
Fault distance,0.0470420,0.5602600,Geology,DEMO069,
Fault distance,0.1020903,0.6270972,Geology,DEMO070,
Fault distance,0.0455860,0.6398354,Geology,DEMO071,
Fault distance,0.0218169,0.5932186,Geology,DEMO072,
Fault distance,0.0992847,0.5188635,Geology,DEMO073,
Fault distance,0.1119892,0.4656260,Geology,DEMO074,
Fault distance,0.0440682,0.4692636,Geology,DEMO075,
Fault distance,0.0665589,0.5302309,Geology,DEMO076,
Fault distance,0.1411012,0.6133992,Geology,DEMO077,
Fault distance,0.1088287,0.6698728,Geology,DEMO078,
Fault distance,0.0584806,0.6673553,Geology,DEMO079,
Fault distance,0.1207962,0.6102075,Geology,DEMO080,
Fault distance,0.1655927,0.5367408,Geology,DEMO081,
Fault distance,0.1034169,0.4954284,Geology,DEMO082,
Fault distance,0.0928244,0.5148046,Geology,DEMO083,
Fault distance,0.1730070,0.5857477,Geology,DEMO084,
Fault distance,0.1729948,0.6671464,Geology,DEMO085,
Fault distance,0.1078166,0.7114332,Geology,DEMO086,
Fault distance,0.1436909,0.6941260,Geology,DEMO087,
Fault distance,0.2129011,0.6290349,Geology,DEMO088,
Fault distance,0.1707150,0.5596890,Geology,DEMO089,
Fault distance,0.1307552,0.5323083,Geology,DEMO090,
Fault distance,0.2017466,0.5671040,Geology,DEMO091,
Fault distance,0.2356137,0.6457322,Geology,DEMO092,
Fault distance,0.1706025,0.7226890,Geology,DEMO093,
Fault distance,0.1743926,0.7535739,Geology,DEMO094,
Fault distance,0.2555987,0.7226678,Geology,DEMO095,
Fault distance,0.2438390,0.6527003,Geology,DEMO096,
Fault distance,0.1845528,0.5907413,Geology,DEMO097,
Fault distance,0.2337507,0.5789777,Geology,DEMO098,
Fault distance,0.2965684,0.6285230,Geology,DEMO099,
Fault distance,0.2471188,0.7125256,Geology,DEMO100,
Fault distance,0.2202319,0.7828539,Geology,DEMO101,
Fault distance,0.2991041,0.7999982,Geology,DEMO102,
Fault distance,0.3225943,0.7576203,Geology,DEMO103,
Fault distance,0.2586768,0.6865057,Geology,DEMO104,
Fault distance,0.2787384,0.6354646,Geology,DEMO105,
Fault distance,0.3605725,0.6410430,Geology,DEMO106,
Fault distance,0.3399620,0.7048545,Geology,DEMO107,
Fault distance,0.2913366,0.7926110,Geology,DEMO108,
Fault distance,0.3555046,0.8554558,Geology,DEMO109,
Fault distance,0.4136279,0.8603546,Geology,DEMO110,
Fault distance,0.3628773,0.8106749,Geology,DEMO111,
Fault distance,0.3550825,0.7441801,Geology,DEMO112,
Fault distance,0.4454497,0.7096943,Geology,DEMO113,
Fault distance,0.4653557,0.7369467,Geology,DEMO114,
Fault distance,0.4140785,0.8183535,Geology,DEMO115,
Fault distance,0.4620185,0.9141178,Geology,DEMO116,
Fault distance,0.5584137,0.9776338,Geology,DEMO117,
Fault distance,0.5536696,0.9858582,Geology,DEMO118,
Fault distance,0.5567440,0.9575231,Geology,DEMO119,
Fault distance,0.7239620,0.9619055,Geology,DEMO120,
Wetness index,-0.5897375,0.0135604,Hydrology,DEMO001,9
Wetness index,-0.5554712,0.0141430,Hydrology,DEMO002,
Wetness index,-0.4728673,0.0000000,Hydrology,DEMO003,
Wetness index,-0.3940902,0.0306519,Hydrology,DEMO004,
Wetness index,-0.4182195,0.1118464,Hydrology,DEMO005,
Wetness index,-0.4265140,0.2091654,Hydrology,DEMO006,
Wetness index,-0.3483729,0.2750375,Hydrology,DEMO007,
Wetness index,-0.3209089,0.2793130,Hydrology,DEMO008,
Wetness index,-0.3690825,0.2286768,Hydrology,DEMO009,
Wetness index,-0.3465480,0.1628875,Hydrology,DEMO010,
Wetness index,-0.2738770,0.1303312,Hydrology,DEMO011,
Wetness index,-0.2902878,0.1581375,Hydrology,DEMO012,
Wetness index,-0.3306272,0.2354483,Hydrology,DEMO013,
Wetness index,-0.2760043,0.3202459,Hydrology,DEMO014,
Wetness index,-0.2290125,0.3655111,Hydrology,DEMO015,
Wetness index,-0.2758128,0.3484731,Hydrology,DEMO016,
Wetness index,-0.2863307,0.2847903,Hydrology,DEMO017,
Wetness index,-0.2155149,0.2188593,Hydrology,DEMO018,
Wetness index,-0.2076139,0.1962712,Hydrology,DEMO019,
Wetness index,-0.2618512,0.2355220,Hydrology,DEMO020,
Wetness index,-0.2341462,0.3165453,Hydrology,DEMO021,
Wetness index,-0.1708915,0.3931898,Hydrology,DEMO022,
Wetness index,-0.2014005,0.4218933,Hydrology,DEMO023,
Wetness index,-0.2382298,0.3887468,Hydrology,DEMO024,
Wetness index,-0.1797473,0.3181430,Hydrology,DEMO025,
Wetness index,-0.1455815,0.2576371,Hydrology,DEMO026,
Wetness index,-0.1994004,0.2484232,Hydrology,DEMO027,
Wetness index,-0.2013580,0.2997602,Hydrology,DEMO028,
Wetness index,-0.1320991,0.3832280,Hydrology,DEMO029,
Wetness index,-0.1375817,0.4503828,Hydrology,DEMO030,
Wetness index,-0.1908608,0.4628459,Hydrology,DEMO031,
Wetness index,-0.1545012,0.4161416,Hydrology,DEMO032,
Wetness index,-0.0990054,0.3424816,Hydrology,DEMO033,
Wetness index,-0.1394378,0.2907647,Hydrology,DEMO034,
Wetness index,-0.1687976,0.2962146,Hydrology,DEMO035,
Wetness index,-0.1059322,0.3585092,Hydrology,DEMO036,
Wetness index,-0.0835597,0.4419836,Hydrology,DEMO037,
Wetness index,-0.1407403,0.4977811,Hydrology,DEMO038,
Wetness index,-0.1323600,0.4941960,Hydrology,DEMO039,
Wetness index,-0.0653582,0.4363656,Hydrology,DEMO040,
Wetness index,-0.0826388,0.3630819,Hydrology,DEMO041,
Wetness index,-0.1319433,0.3227044,Hydrology,DEMO042,
Wetness index,-0.0869282,0.3431302,Hydrology,DEMO043,
Wetness index,-0.0399028,0.4144722,Hydrology,DEMO044,
Wetness index,-0.0879346,0.4952006,Hydrology,DEMO045,
Wetness index,-0.1079302,0.5379350,Hydrology,DEMO046,
Wetness index,-0.0418436,0.5188693,Hydrology,DEMO047,
Wetness index,-0.0311655,0.4525570,Hydrology,DEMO048,
Wetness index,-0.0890738,0.3828750,Hydrology,DEMO049,
Wetness index,-0.0698934,0.3557774,Hydrology,DEMO050,
Wetness index,-0.0066284,0.3907591,Hydrology,DEMO051,
Wetness index,-0.0344840,0.4687511,Hydrology,DEMO052,
Wetness index,-0.0775815,0.5439633,Hydrology,DEMO053,
Wetness index,-0.0247687,0.5723220,Hydrology,DEMO054,
Wetness index,0.0128388,0.5388409,Hydrology,DEMO055,
Wetness index,-0.0406753,0.4669286,Hydrology,DEMO056,
Wetness index,-0.0501198,0.4038536,Hydrology,DEMO057,
Wetness index,0.0175622,0.3913910,Hydrology,DEMO058,
Wetness index,0.0167035,0.4398814,Hydrology,DEMO059,
Wetness index,-0.0395622,0.5218108,Hydrology,DEMO060,
Wetness index,-0.0097269,0.5888974,Hydrology,DEMO061,
Wetness index,0.0482134,0.6020766,Hydrology,DEMO062,
Wetness index,0.0111441,0.5557609,Hydrology,DEMO063,
Wetness index,-0.0238988,0.4813109,Hydrology,DEMO064,
Wetness index,0.0354376,0.4275617,Hydrology,DEMO065,
Wetness index,0.0628405,0.4304972,Hydrology,DEMO066,
Wetness index,0.0060111,0.4909049,Hydrology,DEMO067,
Wetness index,0.0078495,0.5738884,Hydrology,DEMO068,
Wetness index,0.0753510,0.6305391,Hydrology,DEMO069,
Wetness index,0.0634029,0.6283101,Hydrology,DEMO070,
Wetness index,0.0110252,0.5712288,Hydrology,DEMO071,
Wetness index,0.0509643,0.4973976,Hydrology,DEMO072,
Wetness index,0.1021168,0.4553331,Hydrology,DEMO073,
Wetness index,0.0574570,0.4738388,Hydrology,DEMO074,
Wetness index,0.0320285,0.5441194,Hydrology,DEMO075,
Wetness index,0.0963869,0.6252441,Hydrology,DEMO076,
Wetness index,0.1131246,0.6695662,Hydrology,DEMO077,
Wetness index,0.0552599,0.6523138,Hydrology,DEMO078,
Wetness index,0.0687623,0.5869745,Hydrology,DEMO079,
Wetness index,0.1343395,0.5169215,Hydrology,DEMO080,
Wetness index,0.1121467,0.4884807,Hydrology,DEMO081,
Wetness index,0.0658243,0.5221638,Hydrology,DEMO082,
Wetness index,0.1150479,0.5999327,Hydrology,DEMO083,
Wetness index,0.1582415,0.6764037,Hydrology,DEMO084,
Wetness index,0.1079457,0.7070327,Hydrology,DEMO085,
Wetness index,0.0934774,0.6757802,Hydrology,DEMO086,
Wetness index,0.1613056,0.6050743,Hydrology,DEMO087,
Wetness index,0.1673921,0.5418859,Hydrology,DEMO088,
Wetness index,0.1109504,0.5285626,Hydrology,DEMO089,
Wetness index,0.1362824,0.5765339,Hydrology,DEMO090,
Wetness index,0.1984373,0.6592175,Hydrology,DEMO091,
Wetness index,0.1673823,0.7285308,Hydrology,DEMO092,
Wetness index,0.1293154,0.7447545,Hydrology,DEMO093,
Wetness index,0.1869594,0.7012036,Hydrology,DEMO094,
Wetness index,0.2215688,0.6283838,Hydrology,DEMO095,
Wetness index,0.1680956,0.5750533,Hydrology,DEMO096,
Wetness index,0.1659369,0.5779504,Hydrology,DEMO097,
Wetness index,0.2359737,0.6389859,Hydrology,DEMO098,
Wetness index,0.2322225,0.7240652,Hydrology,DEMO099,
Wetness index,0.1801271,0.7842698,Hydrology,DEMO100,
Wetness index,0.2176477,0.7862467,Hydrology,DEMO101,
Wetness index,0.2756483,0.7329326,Hydrology,DEMO102,
Wetness index,0.2381471,0.6617443,Hydrology,DEMO103,
Wetness index,0.2111204,0.6213586,Hydrology,DEMO104,
Wetness index,0.2770270,0.6415030,Hydrology,DEMO105,
Wetness index,0.3038378,0.7145170,Hydrology,DEMO106,
Wetness index,0.2510656,0.8001365,Hydrology,DEMO107,
Wetness index,0.2637091,0.8505306,Hydrology,DEMO108,
Wetness index,0.3364437,0.8400447,Hydrology,DEMO109,
Wetness index,0.3261608,0.7811832,Hydrology,DEMO110,
Wetness index,0.2838147,0.7169089,Hydrology,DEMO111,
Wetness index,0.3366893,0.6940484,Hydrology,DEMO112,
Wetness index,0.3939129,0.7343289,Hydrology,DEMO113,
Wetness index,0.3576192,0.8210494,Hydrology,DEMO114,
Wetness index,0.3505784,0.9096963,Hydrology,DEMO115,
Wetness index,0.4330496,0.9559765,Hydrology,DEMO116,
Wetness index,0.4653238,0.9440140,Hydrology,DEMO117,
Wetness index,0.4354516,0.8976380,Hydrology,DEMO118,
Wetness index,0.4961008,0.8694874,Hydrology,DEMO119,
Wetness index,0.6459774,0.9287248,Hydrology,DEMO120,
Curvature,-0.5198744,0.9732493,Geomorphology,DEMO001,10
Curvature,-0.4512503,0.8499975,Geomorphology,DEMO002,
Curvature,-0.3603447,0.8262369,Geomorphology,DEMO003,
Curvature,-0.3427722,0.8650421,Geomorphology,DEMO004,
Curvature,-0.3703108,0.9184755,Geomorphology,DEMO005,
Curvature,-0.3272471,0.9369545,Geomorphology,DEMO006,
Curvature,-0.2709165,0.8961394,Geomorphology,DEMO007,
Curvature,-0.2955381,0.8106195,Geomorphology,DEMO008,
Curvature,-0.3121128,0.7241630,Geomorphology,DEMO009,
Curvature,-0.2535506,0.6821462,Geomorphology,DEMO010,
Curvature,-0.2294046,0.7031310,Geomorphology,DEMO011,
Curvature,-0.2715297,0.7671736,Geomorphology,DEMO012,
Curvature,-0.2599091,0.8280938,Geomorphology,DEMO013,
Curvature,-0.2004676,0.8420674,Geomorphology,DEMO014,
Curvature,-0.2111327,0.7947763,Geomorphology,DEMO015,
Curvature,-0.2484222,0.7102494,Geomorphology,DEMO016,
Curvature,-0.2080615,0.6359005,Geomorphology,DEMO017,
Curvature,-0.1664848,0.6130510,Geomorphology,DEMO018,
Curvature,-0.2036416,0.6512429,Geomorphology,DEMO019,
Curvature,-0.2176724,0.7222900,Geomorphology,DEMO020,
Curvature,-0.1608593,0.7777636,Geomorphology,DEMO021,
Curvature,-0.1501361,0.7790498,Geomorphology,DEMO022,
Curvature,-0.1960977,0.7213157,Geomorphology,DEMO023,
Curvature,-0.1784094,0.6364983,Geomorphology,DEMO024,
Curvature,-0.1245941,0.5734609,Geomorphology,DEMO025,
Curvature,-0.1462277,0.5676400,Geomorphology,DEMO026,
Curvature,-0.1803825,0.6190305,Geomorphology,DEMO027,
Curvature,-0.1354092,0.6921818,Geomorphology,DEMO028,
Curvature,-0.1032717,0.7382063,Geomorphology,DEMO029,
Curvature,-0.1464404,0.7251327,Geomorphology,DEMO030,
Curvature,-0.1531259,0.6577552,Geomorphology,DEMO031,
Curvature,-0.0962855,0.5746513,Geomorphology,DEMO032,
Curvature,-0.0962674,0.5242209,Geomorphology,DEMO033,
Curvature,-0.1419425,0.5346254,Geomorphology,DEMO034,
Curvature,-0.1164781,0.5962965,Geomorphology,DEMO035,
Curvature,-0.0680353,0.6678738,Geomorphology,DEMO036,
Curvature,-0.0981654,0.7018874,Geomorphology,DEMO037,
Curvature,-0.1264991,0.6742336,Geomorphology,DEMO038,
Curvature,-0.0769577,0.5991407,Geomorphology,DEMO039,
Curvature,-0.0540237,0.5203308,Geomorphology,DEMO040,
Curvature,-0.1006398,0.4838658,Geomorphology,DEMO041,
Curvature,-0.0987002,0.5095406,Geomorphology,DEMO042,
Curvature,-0.0427020,0.5785885,Geomorphology,DEMO043,
Curvature,-0.0524888,0.6453331,Geomorphology,DEMO044,
Curvature,-0.0955590,0.6655520,Geomorphology,DEMO045,
Curvature,-0.0623679,0.6239370,Geomorphology,DEMO046,
Curvature,-0.0201438,0.5435991,Geomorphology,DEMO047,
Curvature,-0.0571102,0.4717147,Geomorphology,DEMO048,
Curvature,-0.0780608,0.4502275,Geomorphology,DEMO049,
Curvature,-0.0249534,0.4897998,Geomorphology,DEMO050,
Curvature,-0.0113925,0.5631898,Geomorphology,DEMO051,
Curvature,-0.0593954,0.6221675,Geomorphology,DEMO052,
Curvature,-0.0483722,0.6274642,Geomorphology,DEMO053,
Curvature,0.0054643,0.5731574,Geomorphology,DEMO054,
Curvature,-0.0133309,0.4903473,Geomorphology,DEMO055,
Curvature,-0.0519372,0.4278424,Geomorphology,DEMO056,
Curvature,-0.0116529,0.4218477,Geomorphology,DEMO057,
Curvature,0.0234110,0.4734807,Geomorphology,DEMO058,
Curvature,-0.0187748,0.5480757,Geomorphology,DEMO059,
Curvature,-0.0312571,0.5967105,Geomorphology,DEMO060,
Curvature,0.0240863,0.5865858,Geomorphology,DEMO061,
Curvature,0.0282191,0.5213930,Geomorphology,DEMO062,
Curvature,-0.0192347,0.4390201,Geomorphology,DEMO063,
Curvature,0.0008844,0.3880225,Geomorphology,DEMO064,
Curvature,0.0511752,0.3974684,Geomorphology,DEMO065,
Curvature,0.0243409,0.4588866,Geomorphology,DEMO066,
Curvature,-0.0081932,0.5315255,Geomorphology,DEMO067,
Curvature,0.0382274,0.5676594,Geomorphology,DEMO068,
Curvature,0.0653409,0.5422244,Geomorphology,DEMO069,
Curvature,0.0196522,0.4683825,Geomorphology,DEMO070,
Curvature,0.0163891,0.3893465,Geomorphology,DEMO071,
Curvature,0.0725165,0.3515433,Geomorphology,DEMO072,
Curvature,0.0674324,0.3757816,Geomorphology,DEMO073,
Curvature,0.0224153,0.4443279,Geomorphology,DEMO074,
Curvature,0.0513254,0.5119181,Geomorphology,DEMO075,
Curvature,0.0967887,0.5338648,Geomorphology,DEMO076,
Curvature,0.0631414,0.4938069,Geomorphology,DEMO077,
Curvature,0.0380948,0.4138683,Geomorphology,DEMO078,
Curvature,0.0895084,0.3409173,Geomorphology,DEMO079,
Curvature,0.1081614,0.3174594,Geomorphology,DEMO080,
Curvature,0.0608306,0.3552394,Geomorphology,DEMO081,
Curvature,0.0672779,0.4279457,Geomorphology,DEMO082,
Curvature,0.1227613,0.4875484,Geomorphology,DEMO083,
Curvature,0.1090304,0.4941230,Geomorphology,DEMO084,
Curvature,0.0683282,0.4406420,Geomorphology,DEMO085,
Curvature,0.1055203,0.3573360,Geomorphology,DEMO086,
Curvature,0.1451239,0.2929182,Geomorphology,DEMO087,
Curvature,0.1062166,0.2843298,Geomorphology,DEMO088,
Curvature,0.0899495,0.3337970,Geomorphology,DEMO089,
Curvature,0.1451857,0.4074447,Geomorphology,DEMO090,
Curvature,0.1552939,0.4563293,Geomorphology,DEMO091,
Curvature,0.1084049,0.4468294,Geomorphology,DEMO092,
Curvature,0.1249282,0.3815198,Geomorphology,DEMO093,
Curvature,0.1785725,0.2975681,Geomorphology,DEMO094,
Curvature,0.1572826,0.2436481,Geomorphology,DEMO095,
Curvature,0.1228989,0.2497073,Geomorphology,DEMO096,
Curvature,0.1678920,0.3083633,Geomorphology,DEMO097,
Curvature,0.2011275,0.3794803,Geomorphology,DEMO098,
Curvature,0.1590588,0.4150860,Geomorphology,DEMO099,
Curvature,0.1530004,0.3891531,Geomorphology,DEMO100,
Curvature,0.2112415,0.3137518,Geomorphology,DEMO101,
Curvature,0.2135395,0.2315420,Geomorphology,DEMO102,
Curvature,0.1697774,0.1892678,Geomorphology,DEMO103,
Curvature,0.1971196,0.2087130,Geomorphology,DEMO104,
Curvature,0.2485988,0.2731542,Geomorphology,DEMO105,
Curvature,0.2220185,0.3377239,Geomorphology,DEMO106,
Curvature,0.1968395,0.3572463,Geomorphology,DEMO107,
Curvature,0.2501736,0.3142589,Geomorphology,DEMO108,
Curvature,0.2782447,0.2298167,Geomorphology,DEMO109,
Curvature,0.2370110,0.1503660,Geomorphology,DEMO110,
Curvature,0.2444239,0.1188362,Geomorphology,DEMO111,
Curvature,0.3074002,0.1478954,Geomorphology,DEMO112,
Curvature,0.3061589,0.2119670,Geomorphology,DEMO113,
Curvature,0.2722617,0.2629490,Geomorphology,DEMO114,
Curvature,0.3161997,0.2598413,Geomorphology,DEMO115,
Curvature,0.3724684,0.1938169,Geomorphology,DEMO116,
Curvature,0.3531356,0.0930130,Geomorphology,DEMO117,
Curvature,0.3549013,0.0036287,Geomorphology,DEMO118,
Curvature,0.4426129,0.0000000,Geomorphology,DEMO119,
Curvature,0.5280564,0.0000000,Geomorphology,DEMO120,
Elevation,-0.4227383,0.0000000,Geomorphology,DEMO001,11
Elevation,-0.3318121,0.0000000,Geomorphology,DEMO002,
Elevation,-0.2799199,0.0979935,Geomorphology,DEMO003,
Elevation,-0.2964945,0.1973836,Geomorphology,DEMO004,
Elevation,-0.2887062,0.2433789,Geomorphology,DEMO005,
Elevation,-0.2336237,0.2238165,Geomorphology,DEMO006,
Elevation,-0.2253666,0.1637089,Geomorphology,DEMO007,
Elevation,-0.2544073,0.1111401,Geomorphology,DEMO008,
Elevation,-0.2282335,0.1080955,Geomorphology,DEMO009,
Elevation,-0.1848453,0.1647792,Geomorphology,DEMO010,
Elevation,-0.2041397,0.2535211,Geomorphology,DEMO011,
Elevation,-0.2223896,0.3261243,Geomorphology,DEMO012,
Elevation,-0.1796165,0.3439117,Geomorphology,DEMO013,
Elevation,-0.1583488,0.3018298,Geomorphology,DEMO014,
Elevation,-0.1922317,0.2316519,Geomorphology,DEMO015,
Elevation,-0.1879376,0.1822978,Geomorphology,DEMO016,
Elevation,-0.1413063,0.1894943,Geomorphology,DEMO017,
Elevation,-0.1468981,0.2536217,Geomorphology,DEMO018,
Elevation,-0.1788198,0.3395045,Geomorphology,DEMO019,
Elevation,-0.1506609,0.3982779,Geomorphology,DEMO020,
Elevation,-0.1156613,0.3977518,Geomorphology,DEMO021,
Elevation,-0.1433075,0.3424175,Geomorphology,DEMO022,
Elevation,-0.1582903,0.2706719,Geomorphology,DEMO023,
Elevation,-0.1149683,0.2309854,Geomorphology,DEMO024,
Elevation,-0.1030934,0.2518118,Geomorphology,DEMO025,
Elevation,-0.1398245,0.3239280,Geomorphology,DEMO026,
Elevation,-0.1299470,0.4061694,Geomorphology,DEMO027,
Elevation,-0.0864711,0.4510008,Geomorphology,DEMO028,
Elevation,-0.1004684,0.4340421,Geomorphology,DEMO029,
Elevation,-0.1300372,0.3692147,Geomorphology,DEMO030,
Elevation,-0.0973767,0.3001012,Geomorphology,DEMO031,
Elevation,-0.0690433,0.2728854,Geomorphology,DEMO032,
Elevation,-0.1017232,0.3076763,Geomorphology,DEMO033,
Elevation,-0.1108757,0.3860246,Geomorphology,DEMO034,
Elevation,-0.0666093,0.4623830,Geomorphology,DEMO035,
Elevation,-0.0629329,0.4923950,Geomorphology,DEMO036,
Elevation,-0.0999225,0.4604433,Geomorphology,DEMO037,
Elevation,-0.0835372,0.3893512,Geomorphology,DEMO038,
Elevation,-0.0435105,0.3262118,Geomorphology,DEMO039,
Elevation,-0.0644488,0.3131458,Geomorphology,DEMO040,
Elevation,-0.0897866,0.3611465,Geomorphology,DEMO041,
Elevation,-0.0528461,0.4432552,Geomorphology,DEMO042,
Elevation,-0.0313284,0.5113048,Geomorphology,DEMO043,
Elevation,-0.0672694,0.5258337,Geomorphology,DEMO044,
Elevation,-0.0696350,0.4805932,Geomorphology,DEMO045,
Elevation,-0.0252479,0.4064299,Geomorphology,DEMO046,
Elevation,-0.0293157,0.3521316,Geomorphology,DEMO047,
Elevation,-0.0648242,0.3541313,Geomorphology,DEMO048,
Elevation,-0.0419563,0.4138840,Geomorphology,DEMO049,
Elevation,-0.0061997,0.4969644,Geomorphology,DEMO050,
Elevation,-0.0329452,0.5544465,Geomorphology,DEMO051,
Elevation,-0.0527975,0.5532885,Geomorphology,DEMO052,
Elevation,-0.0123648,0.4968527,Geomorphology,DEMO053,
Elevation,0.0020325,0.4228193,Geomorphology,DEMO054,
Elevation,-0.0356248,0.3797876,Geomorphology,DEMO055,
Elevation,-0.0307631,0.3970975,Geomorphology,DEMO056,
Elevation,0.0126541,0.4666099,Geomorphology,DEMO057,
Elevation,0.0013134,0.5477629,Geomorphology,DEMO058,
Elevation,-0.0312323,0.5927615,Geomorphology,DEMO059,
Elevation,-0.0023046,0.5762600,Geomorphology,DEMO060,
Elevation,0.0283323,0.5111027,Geomorphology,DEMO061,
Elevation,-0.0030477,0.4403487,Geomorphology,DEMO062,
Elevation,-0.0164721,0.4105333,Geomorphology,DEMO063,
Elevation,0.0264322,0.4427705,Geomorphology,DEMO064,
Elevation,0.0335289,0.5196422,Geomorphology,DEMO065,
Elevation,-0.0043384,0.5960162,Geomorphology,DEMO066,
Elevation,0.0078726,0.6270747,Geomorphology,DEMO067,
Elevation,0.0491875,0.5961471,Geomorphology,DEMO068,
Elevation,0.0312172,0.5250640,Geomorphology,DEMO069,
Elevation,0.0029648,0.4606015,Geomorphology,DEMO070,
Elevation,0.0372856,0.4454343,Geomorphology,DEMO071,
Elevation,0.0620804,0.4916360,Geomorphology,DEMO072,
Elevation,0.0273576,0.5731824,Geomorphology,DEMO073,
Elevation,0.0210708,0.6421142,Geomorphology,DEMO074,
Elevation,0.0653286,0.6583214,Geomorphology,DEMO075,
Elevation,0.0651717,0.6144528,Geomorphology,DEMO076,
Elevation,0.0286039,0.5404832,Geomorphology,DEMO077,
Elevation,0.0480512,0.4850999,Geomorphology,DEMO078,
Elevation,0.0862095,0.4854701,Geomorphology,DEMO079,
Elevation,0.0624855,0.5441612,Geomorphology,DEMO080,
Elevation,0.0397416,0.6275485,Geomorphology,DEMO081,
Elevation,0.0786453,0.6866981,Geomorphology,DEMO082,
Elevation,0.0971043,0.6877573,Geomorphology,DEMO083,
Elevation,0.0604860,0.6329792,Geomorphology,DEMO084,
Elevation,0.0618697,0.5593258,Geomorphology,DEMO085,
Elevation,0.1063830,0.5155174,Geomorphology,DEMO086,
Elevation,0.0993281,0.5317793,Geomorphology,DEMO087,
Elevation,0.0656108,0.6010751,Geomorphology,DEMO088,
Elevation,0.0920408,0.6834793,Geomorphology,DEMO089,
Elevation,0.1261974,0.7309744,Geomorphology,DEMO090,
Elevation,0.0979018,0.7172737,Geomorphology,DEMO091,
Elevation,0.0818367,0.6541496,Geomorphology,DEMO092,
Elevation,0.1245140,0.5841269,Geomorphology,DEMO093,
Elevation,0.1365167,0.5540798,Geomorphology,DEMO094,
Elevation,0.0996986,0.5861281,Geomorphology,DEMO095,
Elevation,0.1092462,0.6639067,Geomorphology,DEMO096,
Elevation,0.1531434,0.7427345,Geomorphology,DEMO097,
Elevation,0.1400335,0.7773694,Geomorphology,DEMO098,
Elevation,0.1109210,0.7501114,Geomorphology,DEMO099,
Elevation,0.1441866,0.6818040,Geomorphology,DEMO100,
Elevation,0.1740030,0.6189004,Geomorphology,DEMO101,
Elevation,0.1428935,0.6046285,Geomorphology,DEMO102,
Elevation,0.1349469,0.6521596,Geomorphology,DEMO103,
Elevation,0.1810219,0.7364454,Geomorphology,DEMO104,
Elevation,0.1872964,0.8097921,Geomorphology,DEMO105,
Elevation,0.1527194,0.8315003,Geomorphology,DEMO106,
Elevation,0.1715179,0.7931671,Geomorphology,DEMO107,
Elevation,0.2149533,0.7239364,Geomorphology,DEMO108,
Elevation,0.1980165,0.6724412,Geomorphology,DEMO109,
Elevation,0.1765307,0.6766527,Geomorphology,DEMO110,
Elevation,0.2179722,0.7403651,Geomorphology,DEMO111,
Elevation,0.2453391,0.8309250,Geomorphology,DEMO112,
Elevation,0.2158567,0.8996251,Geomorphology,DEMO113,
Elevation,0.2204840,0.9121158,Geomorphology,DEMO114,
Elevation,0.2737223,0.8699803,Geomorphology,DEMO115,
Elevation,0.2808750,0.8101420,Geomorphology,DEMO116,
Elevation,0.2588788,0.7826246,Geomorphology,DEMO117,
Elevation,0.2996777,0.8209171,Geomorphology,DEMO118,
Elevation,0.3631633,0.9250789,Geomorphology,DEMO119,
Elevation,0.3930402,1.0000000,Geomorphology,DEMO120,
Soil,-0.2734840,0.9739942,Surface cover,DEMO001,12
Soil,-0.2076118,0.9724032,Surface cover,DEMO002,
Soil,-0.1992657,0.9942892,Surface cover,DEMO003,
Soil,-0.2072476,0.9743799,Surface cover,DEMO004,
Soil,-0.1767795,0.9011998,Surface cover,DEMO005,
Soil,-0.1511396,0.8037935,Surface cover,DEMO006,
Soil,-0.1673972,0.7297865,Surface cover,DEMO007,
Soil,-0.1687758,0.7143804,Surface cover,DEMO008,
Soil,-0.1352657,0.7578024,Surface cover,DEMO009,
Soil,-0.1294144,0.8247740,Surface cover,DEMO010,
Soil,-0.1510223,0.8661748,Surface cover,DEMO011,
Soil,-0.1373420,0.8493828,Surface cover,DEMO012,
Soil,-0.1082768,0.7784161,Surface cover,DEMO013,
Soil,-0.1201195,0.6913529,Surface cover,DEMO014,
Soil,-0.1350075,0.6366191,Surface cover,DEMO015,
Soil,-0.1085652,0.6428657,Surface cover,DEMO016,
Soil,-0.0926545,0.7011357,Surface cover,DEMO017,
Soil,-0.1151499,0.7703939,Surface cover,DEMO018,
Soil,-0.1153037,0.8029830,Surface cover,DEMO019,
Soil,-0.0844623,0.7741963,Surface cover,DEMO020,
Soil,-0.0860832,0.6976020,Surface cover,DEMO021,
Soil,-0.1086708,0.6166010,Surface cover,DEMO022,
Soil,-0.0923874,0.5774609,Surface cover,DEMO023,
Soil,-0.0676791,0.6005717,Surface cover,DEMO024,
Soil,-0.0847113,0.6677731,Surface cover,DEMO025,
Soil,-0.0971153,0.7336228,Surface cover,DEMO026,
Soil,-0.0694127,0.7536080,Surface cover,DEMO027,
Soil,-0.0592078,0.7117810,Surface cover,DEMO028,
Soil,-0.0837028,0.6306560,Surface cover,DEMO029,
Soil,-0.0798285,0.5572220,Surface cover,DEMO030,
Soil,-0.0503699,0.5337572,Surface cover,DEMO031,
Soil,-0.0575045,0.5715691,Surface cover,DEMO032,
Soil,-0.0787248,0.6439686,Surface cover,DEMO033,
Soil,-0.0589825,0.7028394,Surface cover,DEMO034,
Soil,-0.0382321,0.7085152,Surface cover,DEMO035,
Soil,-0.0588475,0.6544092,Surface cover,DEMO036,
Soil,-0.0674332,0.5711010,Surface cover,DEMO037,
Soil,-0.0385398,0.5073441,Surface cover,DEMO038,
Soil,-0.0336269,0.4997871,Surface cover,DEMO039,
Soil,-0.0586527,0.5502119,Surface cover,DEMO040,
Soil,-0.0502641,0.6244253,Surface cover,DEMO041,
Soil,-0.0225857,0.6734907,Surface cover,DEMO042,
Soil,-0.0344885,0.6641156,Surface cover,DEMO043,
Soil,-0.0531783,0.5993246,Surface cover,DEMO044,
Soil,-0.0301786,0.5165793,Surface cover,DEMO045,
Soil,-0.0136505,0.4645127,Surface cover,DEMO046,
Soil,-0.0367972,0.4727261,Surface cover,DEMO047,
Soil,-0.0409271,0.5334054,Surface cover,DEMO048,
Soil,-0.0114432,0.6061718,Surface cover,DEMO049,
Soil,-0.0116624,0.6431558,Surface cover,DEMO050,
Soil,-0.0361038,0.6187229,Surface cover,DEMO051,
Soil,-0.0231856,0.5453915,Surface cover,DEMO052,
Soil,0.0020884,0.4660572,Surface cover,DEMO053,
Soil,-0.0139335,0.4273537,Surface cover,DEMO054,
Soil,-0.0292340,0.4506914,Surface cover,DEMO055,
Soil,-0.0034815,0.5189607,Surface cover,DEMO056,
Soil,0.0085215,0.5871556,Surface cover,DEMO057,
Soil,-0.0161788,0.6103214,Surface cover,DEMO058,
Soil,-0.0154996,0.5714707,Surface cover,DEMO059,
Soil,0.0138306,0.4921315,Surface cover,DEMO060,
Soil,0.0086939,0.4189767,Surface cover,DEMO061,
Soil,-0.0141666,0.3948396,Surface cover,DEMO062,
Soil,0.0030604,0.4321124,Surface cover,DEMO063,
Soil,0.0253041,0.5050502,Surface cover,DEMO064,
Soil,0.0058750,0.5657570,Surface cover,DEMO065,
Soil,-0.0053504,0.5739282,Surface cover,DEMO066,
Soil,0.0225054,0.5218790,Surface cover,DEMO067,
Soil,0.0297782,0.4393152,Surface cover,DEMO068,
Soil,0.0045099,0.3748846,Surface cover,DEMO069,
Soil,0.0101586,0.3659657,Surface cover,DEMO070,
Soil,0.0385644,0.4154538,Surface cover,DEMO071,
Soil,0.0288587,0.4899619,Surface cover,DEMO072,
Soil,0.0085033,0.5405532,Surface cover,DEMO073,
Soil,0.0296621,0.5331288,Surface cover,DEMO074,
Soil,0.0483366,0.4696027,Surface cover,DEMO075,
Soil,0.0263161,0.3867110,Surface cover,DEMO076,
Soil,0.0197169,0.3331977,Surface cover,DEMO077,
Soil,0.0489605,0.3395426,Surface cover,DEMO078,
Soil,0.0514586,0.3990316,Surface cover,DEMO079,
Soil,0.0266375,0.4719245,Surface cover,DEMO080,
Soil,0.0372710,0.5101319,Surface cover,DEMO081,
Soil,0.0640328,0.4870771,Surface cover,DEMO082,
Soil,0.0502809,0.4141977,Surface cover,DEMO083,
Soil,0.0333047,0.3338413,Surface cover,DEMO084,
Soil,0.0579273,0.2929647,Surface cover,DEMO085,
Soil,0.0726524,0.3139712,Surface cover,DEMO086,
Soil,0.0489892,0.3807955,Surface cover,DEMO087,
Soil,0.0474730,0.4488772,Surface cover,DEMO088,
Soil,0.0774066,0.4728300,Surface cover,DEMO089,
Soil,0.0753115,0.4346233,Surface cover,DEMO090,
Soil,0.0520183,0.3547757,Surface cover,DEMO091,
Soil,0.0675788,0.2796086,Surface cover,DEMO092,
Soil,0.0921304,0.2524765,Surface cover,DEMO093,
Soil,0.0750981,0.2868385,Surface cover,DEMO094,
Soil,0.0623901,0.3578954,Surface cover,DEMO095,
Soil,0.0900360,0.4179836,Surface cover,DEMO096,
Soil,0.1007161,0.4261684,Surface cover,DEMO097,
Soil,0.0765879,0.3736569,Surface cover,DEMO098,
Soil,0.0806433,0.2892505,Surface cover,DEMO099,
Soil,0.1107692,0.2214497,Surface cover,DEMO100,
Soil,0.1046627,0.2083248,Surface cover,DEMO101,
Soil,0.0842129,0.2538620,Surface cover,DEMO102,
Soil,0.1048073,0.3254740,Surface cover,DEMO103,
Soil,0.1270246,0.3742209,Surface cover,DEMO104,
Soil,0.1080103,0.3651829,Surface cover,DEMO105,
Soil,0.1008133,0.2991233,Surface cover,DEMO106,
Soil,0.1315162,0.2119875,Surface cover,DEMO107,
Soil,0.1388575,0.1525481,Surface cover,DEMO108,
Soil,0.1162493,0.1520768,Surface cover,DEMO109,
Soil,0.1271293,0.2048737,Surface cover,DEMO110,
Soil,0.1580827,0.2717421,Surface cover,DEMO111,
Soil,0.1500690,0.3042445,Surface cover,DEMO112,
Soil,0.1354139,0.2746659,Surface cover,DEMO113,
Soil,0.1631718,0.1930616,Surface cover,DEMO114,
Soil,0.1858412,0.1007679,Surface cover,DEMO115,
Soil,0.1700023,0.0443426,Surface cover,DEMO116,
Soil,0.1746948,0.0459618,Surface cover,DEMO117,
Soil,0.2163642,0.0882196,Surface cover,DEMO118,
Soil,0.2347433,0.1210344,Surface cover,DEMO119,
Soil,0.2477831,0.0723473,Surface cover,DEMO120,
